id,velikost,cena,naslov,leto izgradnje,mesto,datum nakupa
1,74.1,97315569,5 Stone Corner Alley,2012,Naranjal,1/7/2022
2,57.1,39318070,2 Lotheville Hill,1989,Alajuela,9/15/2021
3,58.7,24491785,5 Vahlen Avenue,2005,Strezhevoy,8/28/2021
4,65.8,67268172,212 Troy Junction,2011,Enskede,5/1/2022
5,68.1,14304200,232 Brown Hill,2011,Kosów Lacki,7/10/2021
6,85.7,30307105,2 Old Gate Hill,2004,Melfort,6/22/2021
7,98.7,57110503,17274 Golf Alley,2012,Nejo,5/13/2021
8,73.6,52312886,55 Village Terrace,2004,San Antonio,3/13/2022
9,40.6,36408159,3 Di Loreto Lane,1990,Bayabas,8/14/2021
10,45.1,70809460,11 Village Green Hill,1999,Pingba,12/4/2021
11,78.4,52372821,0767 David Center,2005,Parabon,11/4/2021
12,71.6,80075464,3 Warner Circle,2003,Longwood,9/11/2021
13,63.8,4087621,51 Commercial Center,2004,Wu’erqihan,8/7/2021
14,57.2,29019127,36503 Jay Alley,2008,Aquidauana,8/3/2021
15,50.8,61499679,88 John Wall Circle,2004,Fuyu,4/4/2022
16,82.3,90066357,844 Dunning Point,2011,Calçada,11/5/2021
17,65.4,60282473,99648 Pankratz Circle,1999,Lesuhe,11/4/2021
18,40.3,17078573,755 East Trail,1964,Willowmore,1/20/2022
19,78.9,94949145,34709 Mcbride Center,2003,Guaraciaba do Norte,1/13/2022
20,95.3,84914817,709 Gerald Circle,2004,Ḏânan,10/1/2021
21,76.7,16497859,1 Calypso Way,2002,La Bélgica,12/10/2021
22,40.8,91911291,06 Blackbird Trail,1988,Beausejour,10/23/2021
23,93.3,64804897,8 Redwing Place,1998,Petrovskiy,1/18/2022
24,70.0,26115548,2 Maple Wood Point,1993,Horodyshche,4/11/2022
25,79.3,34186437,44 Golf Drive,1998,Miānwāli,9/9/2021
26,67.9,95387116,81450 Stone Corner Pass,1985,Svetlanovskiy,5/19/2021
27,83.7,72331053,093 Corben Park,1968,Xom Tan Long,6/28/2021
28,67.9,12545449,92261 Elka Park,1968,Yanggu,10/30/2021
29,88.6,45739578,77376 Beilfuss Terrace,1986,Shanguang,6/9/2021
30,58.5,83102239,9 Lindbergh Terrace,2011,Stockholm,12/7/2021
31,66.1,30384609,97676 Mallard Point,2012,Tuxi,10/22/2021
32,51.0,86394912,8 Norway Maple Way,2008,Wairinding,3/30/2022
33,76.8,52849376,52 Sheridan Parkway,2008,Vydreno,10/1/2021
34,77.6,33630661,797 Weeping Birch Parkway,2008,Paris 16,10/29/2021
35,46.5,30828670,057 Grover Street,1994,Kruengraya,7/6/2021
36,40.3,43694821,8318 West Lane,2007,Kariya,1/24/2022
37,56.3,45736401,320 Arizona Center,2000,Talugtug,8/27/2021
38,96.5,33987808,4291 Oakridge Terrace,2004,Yuta,6/6/2021
39,71.1,31224582,812 Schlimgen Terrace,2007,Borzęcin,5/30/2021
40,82.9,72642763,8 Upham Park,1987,Nakhodka,12/1/2021
41,58.4,86828984,2697 Esch Park,1989,Bantarjati,10/9/2021
42,89.0,66447097,262 Del Sol Plaza,1999,Madrid,10/1/2021
43,63.6,83922398,04847 Ohio Terrace,2000,Laoxialu,4/19/2022
44,94.5,75208349,29548 Susan Avenue,2002,Laval,4/28/2022
45,50.0,86304671,6453 Arizona Point,2008,Rakek,10/26/2021
46,74.4,80082111,35940 5th Circle,2008,Famatina,11/16/2021
47,52.9,15880625,88170 Pond Terrace,1988,Sirindhorn,11/13/2021
48,57.5,54150134,31999 Meadow Ridge Place,2002,Daloa,9/30/2021
49,99.7,15012245,74 Moulton Court,2006,Mórrope,3/13/2022
50,51.8,59671909,876 Barby Trail,1989,Coishco,9/19/2021
51,95.5,19775973,8113 Montana Place,1995,Makuyuni,6/9/2021
52,81.1,88046435,77 Heath Way,1984,Jinguoping,1/7/2022
53,99.0,93466186,018 Farragut Crossing,1989,Engel’-Yurt,3/11/2022
54,57.6,17403168,960 Mitchell Court,1999,Bacalan,9/24/2021
55,86.4,93133632,7967 Hudson Park,1997,Malakwāl,5/31/2021
56,69.6,20937229,681 Utah Alley,2009,Quillota,2/20/2022
57,93.7,93136180,2 Cascade Park,1994,Cibetung Dua,1/4/2022
58,88.3,65378348,381 Ohio Alley,1997,Łęki Szlacheckie,2/17/2022
59,48.5,26032153,746 Holmberg Road,1992,Jaquimeyes,5/13/2021
60,62.9,65983463,5 Basil Center,1989,Kouango,8/12/2021
61,70.6,62270156,601 Cordelia Terrace,2001,Shipunovo,6/24/2021
62,98.5,87707553,12873 Ramsey Circle,2012,Wootton,8/16/2021
63,65.1,35319812,5271 School Way,2010,Gialo,4/15/2022
64,75.0,95981604,94 Milwaukee Pass,1987,Puerto Natales,7/19/2021
65,54.3,65310580,5665 Kipling Drive,2006,San Remigio,8/22/2021
66,59.3,38023132,9582 Service Hill,2007,Biwer,2/23/2022
67,95.5,46519187,36 Roxbury Way,2004,Nandulehe,6/27/2021
68,59.3,17144229,12704 Graceland Park,1995,Vila Nova da Baronia,3/2/2022
69,43.6,63351032,19 Northridge Center,1996,Hongxi,5/18/2021
70,65.9,57263623,68800 Talisman Crossing,1989,Waldbredimus,2/1/2022
71,56.3,62286571,4 Everett Point,2002,Kamal,1/8/2022
72,88.7,30476015,154 Westerfield Plaza,2009,Raminho,8/21/2021
73,58.4,4848011,6 Cody Plaza,1998,Dongcun,7/16/2021
74,47.1,94171630,8 Troy Court,1999,Jianrao,1/19/2022
75,42.8,27561416,833 Spohn Circle,2001,Aizkraukle,1/5/2022
76,79.3,39071361,4743 Park Meadow Circle,1999,Manglid,6/3/2021
77,92.9,63485271,2 Independence Hill,2010,Burqah,1/8/2022
78,40.1,52647805,18793 Myrtle Parkway,2000,Skara,7/21/2021
79,51.1,7005812,9 Briar Crest Terrace,1984,Mossendjo,11/12/2021
80,52.8,64165529,6930 Kingsford Drive,2001,Dandian,12/20/2021
81,85.8,21528489,0462 Village Trail,2004,Tumen,6/4/2021
82,69.6,5575058,8 Bartelt Drive,2008,Pujiang,10/18/2021
83,94.3,44846713,2 Becker Way,2011,Kuanping,10/5/2021
84,65.9,73717868,9592 Onsgard Plaza,2009,Émponas,5/27/2021
85,66.8,84084400,5419 Cambridge Crossing,1990,Yaguajay,4/30/2022
86,60.6,60444263,98 Manitowish Center,2003,Capela,11/1/2021
87,41.3,29856247,34 Delladonna Street,1995,Sidi Smaïl,7/17/2021
88,71.2,34773648,1 Warner Way,1993,Krandil,6/26/2021
89,75.3,84783326,2211 Loeprich Hill,2009,Jucás,1/24/2022
90,64.5,5462860,64278 Lukken Junction,1992,Aibura,8/12/2021
91,57.2,31533370,77 Northwestern Alley,2011,Jiantang,2/10/2022
92,74.5,3004173,36348 Bluejay Road,1985,Sremski Karlovci,3/20/2022
93,45.2,23186050,60687 Cascade Place,1987,Dowan,2/21/2022
94,97.8,17641634,92 Valley Edge Crossing,2008,Vermil,12/26/2021
95,98.1,2916277,4940 Graceland Parkway,2007,Maple Plain,1/23/2022
96,74.5,62195311,7 Colorado Way,2004,El Tambo,10/16/2021
97,63.0,77167968,7 Pennsylvania Hill,2002,Brest,5/14/2021
98,74.2,21971547,090 Morningstar Alley,2012,Sélestat,2/3/2022
99,69.4,56453719,12 Stoughton Drive,2003,Rízoma,5/16/2021
100,45.4,20066700,1045 Straubel Park,1987,Engenheiro Beltrão,8/12/2021
101,94.7,61012369,095 Scoville Junction,2009,Yaroslavl,9/4/2021
102,66.7,57088695,3206 Clyde Gallagher Avenue,2009,Chidian,12/7/2021
103,64.8,95812296,3 4th Pass,2003,Péplos,7/19/2021
104,59.8,47248032,34982 Melrose Point,2000,Včelná,7/14/2021
105,71.0,38580431,862 Oakridge Point,2001,Lelydorp,7/8/2021
106,91.1,94274199,4731 Ruskin Hill,2004,Shanghuang,10/21/2021
107,62.9,82960244,223 Victoria Terrace,1999,Buchach,6/30/2021
108,73.3,32916159,4 8th Terrace,2005,Jājarm,12/31/2021
109,74.8,20572184,5 Ridgeview Park,2009,Sanyang,5/24/2021
110,46.3,14745475,06864 Packers Place,2003,Klimontów,5/17/2021
111,88.3,50095983,91 Homewood Place,2005,Ha,7/4/2021
112,41.3,87835334,87 Forster Trail,1994,Karditsomagoúla,1/24/2022
113,60.9,11914807,81 Basil Avenue,2010,Longgang,3/29/2022
114,80.1,47797671,65 Del Mar Alley,2005,Nakhon Nayok,2/9/2022
115,54.0,39689611,960 Cambridge Court,2012,Hakui,3/7/2022
116,64.6,60609490,44339 Ilene Street,1995,Volosovo,1/8/2022
117,66.7,6528823,6215 Northridge Hill,2011,Lambton Shores,1/24/2022
118,86.6,79306856,67 Fulton Lane,2004,Sincelejo,1/6/2022
119,94.8,29618060,72 Lillian Hill,2001,Bafia,9/2/2021
120,52.7,50512438,13674 Bay Park,1999,Chiconi,6/16/2021
121,71.0,60674036,366 Forest Run Court,1999,Bunigeulis,9/22/2021
122,99.2,39697813,5092 Browning Alley,1998,Maki,1/14/2022
123,80.0,29823334,060 Northfield Avenue,1995,Tuusula,5/14/2021
124,86.3,29962315,60443 Victoria Lane,1992,Dongshentou,11/1/2021
125,41.4,99908493,9317 Troy Trail,1996,Verkhnyaya Toyma,11/20/2021
126,91.3,63855167,07 Cottonwood Crossing,2006,Rassvet,7/27/2021
127,90.8,84039431,63677 Menomonie Parkway,1985,Banisilan,11/25/2021
128,59.1,78002457,83 Oak Valley Trail,2000,Encruzilhada do Sul,2/2/2022
129,48.1,33392850,7777 Dayton Point,1999,Dawuhan,2/9/2022
130,47.3,53253354,4793 Melby Street,1989,Guatire,9/18/2021
131,56.9,10998356,14811 Arrowood Junction,2005,Klapagada,6/13/2021
132,76.2,43966199,3979 Westridge Place,2007,Bandeirantes,3/25/2022
133,95.4,96189184,582 5th Street,1985,Bone South,11/5/2021
134,78.2,50584776,07 4th Pass,2005,Xylókastro,7/8/2021
135,95.7,25702729,73700 Jay Crossing,1998,San Diego,1/23/2022
136,79.8,59392340,92457 Tennyson Drive,2013,Salamina,5/3/2022
137,53.3,60604739,28640 Messerschmidt Place,2006,Bystřany,9/30/2021
138,64.6,14437766,96 Blaine Street,1993,Jasionów,10/25/2021
139,52.3,29492312,1045 Vera Pass,1994,Petaẖ Tiqwa,5/28/2021
140,57.5,88859171,56 Pierstorff Point,2000,Arapongas,4/25/2022
141,44.7,46594623,7181 Summer Ridge Plaza,2004,Bằng Lũng,5/30/2021
142,76.7,74172776,78 Oneill Crossing,1997,Budzów,3/25/2022
143,62.9,80293168,1919 Commercial Park,2010,Kota Kinabalu,9/25/2021
144,77.5,33237221,69826 Village Lane,2007,Harrison,1/6/2022
145,76.2,81191184,0 Thompson Junction,2005,Novosil’,12/28/2021
146,97.0,93485580,45 Pierstorff Center,2009,Estância,10/1/2021
147,96.9,94438940,5 Menomonie Hill,2003,Santander,5/13/2021
148,62.6,85604196,76380 Eggendart Drive,2006,Iwata,7/27/2021
149,45.6,15369391,9 Coolidge Circle,1991,Victoria,9/4/2021
150,66.5,29289597,9056 Wayridge Parkway,1987,Cortezia,5/24/2021
151,81.0,1799371,6287 Lake View Park,1992,Água de Pau,2/22/2022
152,91.7,59489158,6603 Texas Crossing,1993,Los Andes,4/19/2022
153,64.0,56758735,3371 South Alley,1995,Clermont-Ferrand,7/8/2021
154,62.0,36109426,92661 Summerview Street,2007,Ichnya,9/5/2021
155,95.7,95544109,08 Old Gate Street,1994,Bilhó,2/4/2022
156,96.7,4102990,27437 Becker Alley,1985,Parapat,3/9/2022
157,90.3,58010310,11 Daystar Road,2005,Gayamdesa,3/2/2022
158,64.9,68732699,91 Dawn Alley,1984,Nong Hi,11/18/2021
159,61.8,35146128,847 Hansons Avenue,2011,El Marañón,10/11/2021
160,72.7,73810737,3 Express Crossing,1993,Xiaochuan,5/31/2021
161,56.8,61121302,629 Shopko Road,1998,Trà Ôn,2/13/2022
162,56.0,33291334,591 Ohio Avenue,1998,Łyse,1/30/2022
163,52.5,60512729,48 Twin Pines Terrace,2009,Vejprnice,6/1/2021
164,72.1,48404561,2483 Porter Avenue,2004,Chujiang,5/25/2021
165,75.5,1481648,9 Alpine Drive,2005,Qarqaraly,2/20/2022
166,99.3,63195372,1 Forster Circle,2005,Gurupi,2/14/2022
167,40.5,62979508,9 Service Pass,2008,Ikoma,6/13/2021
168,89.7,79181620,65 Forest Trail,2012,Oslo,4/27/2022
169,83.1,39002685,737 Bellgrove Park,1997,Gusau,7/8/2021
170,54.5,85027796,4680 Spenser Terrace,2002,Masḩah,6/27/2021
171,80.2,59357023,4332 Bay Avenue,2009,Ezhou,4/8/2022
172,42.8,39078830,3596 Reindahl Circle,2010,Mâcon,10/21/2021
173,58.9,63201386,25 Bartelt Alley,2005,Krajan Pocangan,9/2/2021
174,65.4,43351225,7 Eastwood Place,1995,Bunia,4/8/2022
175,62.1,30084901,70349 Judy Place,2012,Al Finţās,1/29/2022
176,96.4,88980664,20670 Service Point,2004,Bellavista,4/2/2022
177,62.6,22245797,1 Delladonna Junction,2008,Colón,8/8/2021
178,58.9,84654953,05976 American Alley,2005,Kovilj,12/7/2021
179,66.5,88994079,31 Birchwood Road,2002,Cibiru,7/25/2021
180,98.1,70300502,7 Hudson Terrace,1994,Huangcaotuo,11/7/2021
181,74.5,64658476,572 Hazelcrest Pass,2003,Djambala,2/21/2022
182,76.9,94731323,9813 Sutherland Way,2006,Ngembul,12/9/2021
183,65.2,97666989,79 Vahlen Lane,1996,Tartu,7/15/2021
184,66.1,60095080,7 Valley Edge Point,2007,Périgny,3/12/2022
185,50.9,67814767,21820 Lyons Junction,2006,Sergelen,3/19/2022
186,46.3,13914218,03875 Eastlawn Avenue,2012,Pulilan,8/20/2021
187,52.3,52654445,7 Lukken Point,1989,Ngadri,8/17/2021
188,69.9,94401843,5 Acker Park,1995,Kalidawir,7/1/2021
189,92.1,23408995,9 Prentice Plaza,2003,Rangxi,10/31/2021
190,47.6,60107885,7 Hansons Lane,2001,Melissochóri,4/2/2022
191,66.4,58548849,4661 Pankratz Court,1993,Paris 02,12/24/2021
192,85.7,4751117,71 Anzinger Terrace,2006,Radès,6/7/2021
193,50.6,81848825,574 Eastwood Plaza,2012,Shibushi,8/8/2021
194,74.2,80075738,164 Melody Court,2005,Sambava,6/6/2021
195,53.3,20014799,4 Rusk Terrace,2007,Huainan,1/3/2022
196,48.0,6125704,45 Dottie Place,1995,Viana do Castelo,7/16/2021
197,92.2,12269009,362 Golf Course Place,1995,Créteil,11/3/2021
198,86.4,49204642,04 Clyde Gallagher Court,1998,Monywa,4/30/2022
199,48.0,87516748,24304 Artisan Trail,2002,Markaz-e Ḩukūmat-e Darwēshān,3/5/2022
200,72.5,62842287,4295 Washington Road,2007,Sanlifan,3/19/2022
201,90.9,50989491,25 Fulton Point,1997,Lianhe,4/16/2022
202,62.3,85431744,18557 Sullivan Lane,2006,Manggissari,7/31/2021
203,69.5,16154895,99 Stephen Park,2007,Niandou,5/23/2021
204,95.9,47790147,79280 Riverside Center,1998,Liqiao,3/20/2022
205,86.3,86224507,51 Cody Plaza,2010,Pandansari,9/19/2021
206,67.7,11568008,0422 Birchwood Alley,2001,Dzerzhinsk,3/29/2022
207,94.0,49436244,78 Fairfield Terrace,2002,Krolevets’,1/9/2022
208,99.3,32695660,65066 Dapin Plaza,2010,Niort,5/10/2021
209,67.0,65931850,96816 Tennyson Park,2001,Beloeil,5/20/2021
210,57.9,22023631,4 Cascade Alley,1984,Sumberdadi,4/27/2022
211,64.6,37626707,5326 Beilfuss Park,2007,Tiantang,3/20/2022
212,59.4,28058915,59 Kingsford Avenue,1988,Karbinci,6/5/2021
213,65.6,54624727,9908 Sachtjen Park,2009,Waitara,11/27/2021
214,93.6,43329588,86134 Scoville Way,2004,Hekou,7/24/2021
215,53.6,16318384,683 Eliot Hill,2006,Alegre,10/24/2021
216,64.5,48850380,50272 Sunnyside Parkway,1992,Chuanshan,3/4/2022
217,97.0,86306621,93557 Spaight Street,2000,Cibogo,1/5/2022
218,87.8,93940813,1942 Waubesa Plaza,1993,Rancapeundey,11/11/2021
219,71.5,5817307,044 Gerald Pass,2008,Bang Sao Thong,6/13/2021
220,50.7,67944316,76 Del Sol Street,2007,Mogi Mirim,2/18/2022
221,42.9,60769706,0 Hoepker Alley,1986,Zhuravka,5/30/2021
222,98.6,89849379,726 Autumn Leaf Parkway,2007,General Enrique Godoy,9/27/2021
223,88.4,20343455,0 Nevada Terrace,2011,Pigcawayan,2/28/2022
224,97.8,4547181,496 Bellgrove Place,2011,Suchen,9/9/2021
225,63.2,40595064,94867 Lien Place,2001,Henan’an,7/28/2021
226,73.5,98949723,4 Kipling Crossing,2010,Qaxbaş,6/12/2021
227,95.3,31769663,8145 Cherokee Junction,2009,Caen,12/13/2021
228,41.6,98237136,232 Waubesa Point,2008,Jianxin,3/29/2022
229,79.9,4039040,91508 Stang Crossing,2007,Karafao,5/15/2021
230,97.8,1979233,1 Roxbury Terrace,2002,Kaum,10/7/2021
231,76.3,36848830,976 Fuller Pass,1987,Schiedam postbusnummers,4/18/2022
232,99.1,78619221,4 Everett Crossing,2008,Cilampuyang,11/18/2021
233,46.5,27132187,5328 Jenna Trail,2002,Martensville,10/28/2021
234,74.0,3129283,62 Stuart Alley,1990,Bishkek,6/25/2021
235,75.5,4729625,72029 Anniversary Street,1998,Bato,12/17/2021
236,69.3,42748296,6 Talmadge Junction,1993,Lubukalung,9/13/2021
237,88.7,46470575,96 Sundown Parkway,1993,Jianghua,3/24/2022
238,61.8,23442782,8 Oriole Lane,2010,Los Mangos,3/10/2022
239,61.8,8931623,83958 Tennessee Parkway,1999,Kembang,2/22/2022
240,75.3,58781571,292 La Follette Trail,1997,Lop,6/11/2021
241,75.2,88223855,85463 Saint Paul Parkway,1994,Lisakovsk,9/5/2021
242,63.6,50447050,09651 Moland Trail,2003,Vuhlehirs’k,8/9/2021
243,50.5,42183802,056 Transport Crossing,2009,Tierp,6/30/2021
244,56.0,83509821,03 Dunning Hill,1989,Sulengwaseng,1/11/2022
245,46.4,28323816,676 Merry Place,2008,Rosthern,12/24/2021
246,67.5,30052420,964 Bluestem Drive,1994,Đoan Hùng,1/10/2022
247,45.4,63581626,19250 Hallows Way,2012,Kimaam,1/16/2022
248,99.9,84936618,7857 Sachtjen Point,1992,Shenjing,10/25/2021
249,54.6,49903893,190 Ohio Pass,1996,Duobao,4/4/2022
250,87.0,571465,63707 Reinke Way,1991,Ashchysay,11/16/2021
251,87.8,6395102,8924 Macpherson Parkway,2008,Jīma,12/15/2021
252,92.7,74391176,80373 Morning Terrace,1999,Santa Isabel,5/15/2021
253,67.6,35046988,641 Paget Park,2009,Bendungan,10/23/2021
254,52.8,70782257,36 Everett Drive,2007,Richmond,10/4/2021
255,91.4,7631320,9 Marquette Park,2008,Dijon,7/29/2021
256,99.8,76304238,5 Rowland Circle,2001,Ketawang,3/31/2022
257,86.3,21817093,2 Cody Parkway,1993,Ipueiras,1/29/2022
258,86.9,87825630,253 Union Terrace,2013,Agkathiá,7/3/2021
259,63.1,75406649,60 Badeau Place,2001,Mburukullu,12/24/2021
260,62.6,7559093,6 Swallow Circle,2011,Fengcheng,5/23/2021
261,80.3,68163587,88513 Waywood Center,2006,Hanušovice,5/21/2021
262,51.3,9288340,8899 Leroy Way,1994,Íos,12/5/2021
263,85.7,3979058,53420 Del Sol Center,1989,Olesno,6/4/2021
264,48.7,57907598,71518 La Follette Street,2012,Bijeli,3/7/2022
265,67.2,42574930,3 Troy Drive,2005,Elena,11/4/2021
266,84.9,6174672,58562 Crownhardt Place,2001,Gabahan,5/22/2021
267,69.6,93443926,85339 Hermina Terrace,2004,Tikhvin,7/12/2021
268,79.8,48410501,88946 Mallard Court,1994,Avesta,7/11/2021
269,60.6,21490635,7 Mcguire Plaza,1989,Samut Sakhon,5/17/2021
270,69.2,80307789,67859 Schlimgen Trail,1993,Mętków,5/18/2021
271,72.1,28407827,3 Brentwood Way,2007,Qingkenpao,5/24/2021
272,79.8,85066060,7025 Buhler Hill,2004,Pathum Thani,8/22/2021
273,52.9,84610103,5 Ronald Regan Court,1998,Tongzilin,3/31/2022
274,61.5,97361045,0297 Orin Avenue,1999,Tutnae,11/20/2021
275,41.2,48599864,02 Bunker Hill Road,2000,Communal,9/5/2021
276,49.2,23475027,91 Susan Terrace,2010,General Luna,3/15/2022
277,56.9,94911290,6 Sachs Place,2008,Cho-airong,5/24/2021
278,90.7,67679741,456 Coolidge Center,1992,Araçatuba,9/12/2021
279,66.1,14548225,7 Thompson Way,2008,Moriguchi,12/15/2021
280,89.4,25133460,3 Pond Plaza,2000,Muan,11/6/2021
281,81.8,37276509,1 Hansons Center,1988,Glondong,10/23/2021
282,54.1,49773512,189 Old Gate Way,1996,Břeclav,3/7/2022
283,86.4,41876235,3 Valley Edge Park,2010,Kembang,1/20/2022
284,63.5,32497438,50 Manufacturers Trail,2007,Abeokuta,3/18/2022
285,94.6,13211524,328 Daystar Point,1996,Oslo,7/8/2021
286,93.3,25721938,527 Toban Way,2007,Thanh Chương,6/3/2021
287,69.9,84198771,3 Jackson Trail,1991,Solsona,1/21/2022
288,73.2,67680306,4 Vahlen Court,1994,Arapongas,7/14/2021
289,84.7,50957322,90340 Pawling Avenue,2007,Melaka,2/8/2022
290,64.9,62323178,472 Harbort Alley,2001,Suraż,5/21/2021
291,50.6,48674480,998 Clemons Plaza,2005,Quiruvilca,7/10/2021
292,99.5,70147822,28 Carey Avenue,2010,Himaya,6/8/2021
293,75.7,32531825,07 3rd Street,2008,Pantai,6/12/2021
294,55.9,53993930,21278 Bay Way,2005,Nangewer,6/16/2021
295,72.1,31824524,71887 Cody Center,2012,Baiyushan,7/24/2021
296,85.2,61243530,6 Northwestern Hill,1997,Shimodate,5/14/2021
297,70.6,67813192,1718 Porter Drive,1995,Kanoni,6/7/2021
298,45.5,87909059,19789 Almo Alley,2011,Mayuge,10/25/2021
299,83.9,76412256,42 Katie Point,1990,Uujim,2/16/2022
300,63.0,89509122,90 Stuart Street,2004,Maketu,7/4/2021
301,64.4,27475029,60 Gulseth Place,1979,Buenavista,1/25/2022
302,81.8,77593635,3 Ohio Park,1997,Ipoh,11/19/2021
303,40.2,17207103,4647 Twin Pines Point,2009,Nawá,4/15/2022
304,94.3,72029963,09 Nancy Hill,2008,Trollhättan,2/9/2022
305,58.4,5952188,5 Delaware Place,1991,Garbolovo,3/24/2022
306,53.6,95544197,088 Quincy Avenue,2012,Letlhakeng,6/29/2021
307,68.0,52892654,588 Bluejay Plaza,2000,Ciudad Cortés,6/24/2021
308,93.1,10099214,801 Fallview Way,2000,Langkap,9/25/2021
309,90.3,32543082,3107 Sunfield Hill,2008,Issia,4/14/2022
310,99.1,75815429,9880 Hagan Crossing,2011,Myeik,7/30/2021
311,50.4,65316242,8 Magdeline Way,1994,Miaofengshan,6/14/2021
312,81.2,46968511,90622 Mayer Pass,2010,Oefau,8/1/2021
313,56.7,90241236,2672 Towne Junction,1989,Utmānzai,10/27/2021
314,99.7,13613918,3 Twin Pines Court,1992,Kotayk’,12/27/2021
315,83.0,20362870,2600 Old Shore Trail,1993,Simbal,8/29/2021
316,58.4,15849666,678 Cascade Trail,2009,Angoulême,11/23/2021
317,88.9,85764242,83 Hazelcrest Place,2007,Koch'ang,5/10/2021
318,88.5,19561087,6 Bunting Drive,2004,Xueshan,12/27/2021
319,90.0,44089398,54 School Place,1984,Prao,10/11/2021
320,81.0,13604943,4 Carey Point,1997,Châtellerault,12/15/2021
321,81.1,64279216,4 Bluejay Pass,2010,San Cristóbal,7/8/2021
322,93.0,54313486,3 Spaight Plaza,2005,Banjar Bongangede,8/29/2021
323,68.9,27807034,18001 Moulton Way,1995,Olds,5/16/2021
324,58.8,98972663,39 Miller Center,1979,Vesëlyy,1/5/2022
325,95.2,38729536,1 Harbort Drive,1995,Getafe,6/15/2021
326,91.4,3300284,1 Porter Alley,2008,Siderejo,11/18/2021
327,59.4,51293307,90990 Carey Alley,1997,Suez,4/5/2022
328,87.9,96580243,37 Novick Lane,1965,Jakubowice Murowane,12/1/2021
329,68.1,31289509,9 Transport Center,2000,Banja Luka,4/22/2022
330,60.7,77902641,759 Gina Drive,1993,Göteborg,1/18/2022
331,50.1,82392853,78577 Arkansas Circle,2011,Hita,3/22/2022
332,95.8,98500702,00380 Blue Bill Park Center,1991,Meishan,10/6/2021
333,56.1,41739882,39045 Arapahoe Terrace,2007,Kota Kinabalu,7/7/2021
334,72.8,34900639,72 Dixon Center,1993,Hammam-Lif,4/22/2022
335,57.2,72571454,3470 Elmside Lane,2002,Konstantinovskoye,5/19/2021
336,96.4,9298895,68054 Nelson Park,2009,Keboncau,12/3/2021
337,84.4,45385579,125 Reindahl Point,2007,Veiga,1/24/2022
338,55.0,7243470,15 Lotheville Street,2000,Qaşr al Farāfirah,7/4/2021
339,53.1,44589612,7256 Ludington Lane,2003,Santa Teresita,8/8/2021
340,73.3,67108452,5926 Redwing Plaza,1998,Mosjøen,12/7/2021
341,85.9,44243726,1 Dovetail Circle,1992,Esquipulas,9/25/2021
342,61.6,66499921,7 Londonderry Way,1992,København,10/10/2021
343,53.6,99897192,63 Anhalt Pass,1989,Isakly,3/30/2022
344,72.1,24616628,76 Moland Pass,2008,Wukou,10/18/2021
345,59.0,62448069,39878 Steensland Junction,1994,Sariwŏn,12/30/2021
346,98.7,54908573,2 Muir Alley,2010,Fayaoué,2/6/2022
347,57.2,59221409,31889 Eagan Pass,1996,Mizdah,6/15/2021
348,67.2,24875440,620 Morrow Trail,2001,Krajan,7/24/2021
349,93.4,2764433,806 Hagan Street,1983,Matagbak,12/7/2021
350,49.1,17785007,019 Spaight Terrace,1993,Amaury,2/3/2022
351,97.6,57488225,277 Claremont Way,2006,Round Rock,8/10/2021
352,46.8,86556154,9 Fremont Pass,2010,Banjiang,12/12/2021
353,55.5,93040667,38414 Atwood Alley,1989,Al Ḩīlah,6/24/2021
354,40.6,90651277,6 Anniversary Court,2011,Skaudvilė,1/16/2022
355,84.4,96239336,1 Hagan Road,1993,Cinco Saltos,1/19/2022
356,87.9,96030595,05 Bobwhite Terrace,2005,Ciguha Tengah,9/22/2021
357,72.5,7217628,51 Sycamore Way,1999,Gersikputih Tengah,4/4/2022
358,49.7,33534772,8296 Blackbird Trail,1977,Pinayagan Norte,5/17/2021
359,42.2,33213279,28 Summer Ridge Lane,1999,Blangkejeren,6/22/2021
360,60.9,61283922,62 Pearson Terrace,2010,Tamansari,8/21/2021
361,97.3,5905427,66353 Artisan Parkway,1992,Bendo,6/25/2021
362,88.1,76475293,738 Spenser Way,1997,Umeå,6/15/2021
363,76.7,75386997,8 Nobel Terrace,1993,George Town,10/31/2021
364,70.9,17099907,2875 Utah Pass,1993,Comodoro Rivadavia,9/8/2021
365,54.6,20582676,94 Sundown Avenue,1987,Mojoroto,8/26/2021
366,67.7,48798664,1 Hayes Crossing,2012,Sheli,2/16/2022
367,65.2,8320493,8298 Kensington Drive,2006,Oslo,3/21/2022
368,90.2,77793080,8 Sycamore Lane,2000,Perdões,11/26/2021
369,64.3,63699184,2 Melvin Crossing,2006,Baras,12/15/2021
370,64.7,260118,697 Vernon Lane,1980,Russas,10/10/2021
371,80.9,98448809,055 Bellgrove Parkway,2004,Debrecen,8/8/2021
372,46.8,77779016,256 Graedel Park,2009,Limbe,3/16/2022
373,83.1,83051968,627 Wayridge Trail,1993,Néa Tríglia,6/4/2021
374,40.9,24831323,89276 Tennyson Plaza,1998,Áno Merá,4/16/2022
375,71.8,16010914,64 Karstens Way,1995,Prang Ku,10/24/2021
376,93.7,44523101,7 Kim Drive,2007,Bonoua,11/15/2021
377,99.4,5819481,22 Sheridan Junction,1996,Hägersten,12/16/2021
378,47.5,95298820,9 Independence Plaza,1989,Ramana,9/12/2021
379,59.7,58161034,249 Marquette Junction,2000,Bojonggaling,2/24/2022
380,75.8,13784366,5474 Monterey Drive,1986,Kinzan,4/1/2022
381,97.4,52648433,18 Kingsford Place,2003,Hamburg,2/14/2022
382,62.8,68574297,217 Walton Trail,2011,Radenka,5/30/2021
383,96.3,51156077,5 Grim Court,2011,Québec,7/7/2021
384,47.5,3493153,8 Gateway Parkway,1998,Valky,1/9/2022
385,65.4,58855078,56974 Eliot Junction,2008,Saint Petersburg,4/26/2022
386,50.6,49147364,1379 Gerald Alley,1998,Karobokan,7/25/2021
387,44.8,69737128,30599 Sutherland Pass,2005,Zliv,7/3/2021
388,44.8,28444312,398 Bunker Hill Court,2009,Sandaohezi,10/20/2021
389,98.4,1638995,9 Sutteridge Terrace,1998,Pereira Barreto,4/11/2022
390,97.9,28232653,37 John Wall Terrace,1999,Saint Paul,9/10/2021
391,63.7,9683372,3 Dapin Way,2007,Staraya Derevnya,5/1/2022
392,80.0,66543435,93286 Northwestern Trail,1991,‘Ūrīf,7/3/2021
393,95.6,57051588,75864 Barby Pass,1992,Ambatondrazaka,8/24/2021
394,98.0,40195572,7295 Esker Trail,2003,Nanding,10/5/2021
395,62.5,7519787,1202 Kingsford Avenue,2010,Arnoia,12/29/2021
396,66.5,76472247,65 Canary Street,2009,Zhentian,1/13/2022
397,97.8,93932263,8 Roth Court,2006,Regulice,2/18/2022
398,56.2,40706729,30197 Forest Run Crossing,1993,Bełk,1/4/2022
399,99.3,49128524,87 Texas Parkway,1990,Oslo,9/3/2021
400,75.8,45224205,7 Upham Junction,2004,Burgau,10/8/2021
401,77.2,93518192,07 Sage Plaza,2002,Bor,1/13/2022
402,42.7,12358858,3 Holmberg Parkway,2009,Ngunguru,11/11/2021
403,42.5,65605321,21554 Glendale Junction,2001,Książ Wielkopolski,7/16/2021
404,73.4,99684453,5 Commercial Plaza,1996,Xinan,6/18/2021
405,46.5,70219569,9 Trailsway Alley,2011,Kertamukti,9/5/2021
406,98.3,53351626,58 Stephen Court,2010,Permas,2/19/2022
407,84.4,21641728,0 Hallows Circle,2009,Ipala,10/20/2021
408,79.0,58001155,8002 Dryden Avenue,2000,Sicheng,12/15/2021
409,43.0,63220432,2086 Dixon Court,2005,Bourg-en-Bresse,8/23/2021
410,82.7,96317754,0142 4th Junction,2009,Pak Chom,9/23/2021
411,69.0,6260450,5710 Rutledge Lane,1998,Rennes,4/20/2022
412,79.6,16597116,1 Oak Valley Center,2010,Polonnaruwa,2/19/2022
413,47.3,53252781,025 Londonderry Road,2011,Hepingyizu,7/13/2021
414,46.8,97651890,06507 Schlimgen Alley,2010,Joaquín V. González,12/7/2021
415,52.3,45349322,33779 Eliot Trail,2005,Labège,6/2/2021
416,65.3,66129988,604 Gulseth Hill,2011,Shemonaīkha,3/23/2022
417,40.9,42757362,2175 Dixon Circle,2004,Lokwabe,9/19/2021
418,97.1,48536092,07665 Shoshone Terrace,2002,Al Jaghbūb,3/6/2022
419,40.1,97825246,07 Village Green Alley,1990,Sacramento,4/25/2022
420,75.1,14565456,9195 Pond Park,1991,Bobon,12/10/2021
421,62.8,38202403,467 Dayton Alley,1989,Miaofengshan,12/10/2021
422,50.5,38557235,16285 Sommers Street,1992,Kristiansund N,6/25/2021
423,60.3,4884210,417 Talmadge Street,2006,Francisco Beltrão,10/30/2021
424,60.7,1837347,23 Rutledge Parkway,1994,Bandhagen,6/26/2021
425,51.4,99443579,56863 Kinsman Crossing,1998,Babao,5/31/2021
426,47.7,70786760,689 Sommers Avenue,2009,Rio Claro,6/27/2021
427,46.0,34639497,582 Drewry Terrace,1984,Jifnā,6/20/2021
428,69.7,8086277,173 Hovde Avenue,2007,Katwijk,8/16/2021
429,45.4,19324913,94 Logan Junction,1996,Arujá,9/13/2021
430,51.6,78525607,1464 Fairfield Center,2009,Deqing,5/4/2022
431,70.8,90024851,2 Granby Park,2009,Sanli,2/28/2022
432,50.1,4500213,146 Esch Crossing,1989,Dashiren,11/7/2021
433,64.7,9298938,37942 Kennedy Park,1986,Dzerzhinskiy,10/23/2021
434,68.9,1166229,07 Duke Alley,1997,Biggar,10/16/2021
435,44.6,51918042,5975 Haas Hill,2007,Shuangnian,3/29/2022
436,81.6,86530191,311 Myrtle Parkway,1993,Bordeaux,1/7/2022
437,65.9,30197645,10781 Hazelcrest Trail,2009,San Pedro Pinula,9/12/2021
438,94.2,77866879,20 Susan Court,2012,Springfield,2/6/2022
439,74.4,79975924,1131 Columbus Alley,2002,Mežica,9/7/2021
440,76.5,28563051,4079 Clarendon Court,1994,Batsari,11/15/2021
441,64.2,10341661,20435 Meadow Ridge Circle,2011,Los Fresnos,2/3/2022
442,98.0,57075683,84462 Corscot Place,2006,Douentza,11/3/2021
443,73.1,2170940,372 Brown Street,1994,Manhete,1/5/2022
444,60.5,44029048,89866 Dawn Pass,2004,Caicedonia,11/20/2021
445,91.7,588014,4 Tennyson Hill,1991,Trondheim,9/23/2021
446,56.0,20195742,73969 Starling Alley,2002,Menggusi,5/9/2021
447,84.6,33830771,79 Loeprich Trail,1998,Powassan,6/24/2021
448,67.1,76843516,89394 Nancy Drive,1967,Saint-Denis,1/22/2022
449,58.6,58589574,499 Mandrake Avenue,1990,Al Khafjī,10/26/2021
450,55.5,26796075,6427 Manitowish Place,1993,Basoko,11/29/2021
451,98.2,65502813,92 Graceland Center,2008,Sihai,10/14/2021
452,93.2,78030716,7 Summit Terrace,2006,Tucson,2/18/2022
453,49.0,7701093,31 Acker Avenue,1985,Hopetown,12/1/2021
454,74.9,18779197,49961 Carpenter Point,2006,Dessalines,2/6/2022
455,77.6,57295003,0 Onsgard Way,2006,Paris 09,8/8/2021
456,40.4,73607880,46074 Namekagon Road,2001,‘Afrīn,5/31/2021
457,89.3,32204614,60 Russell Street,2000,Mooka,2/25/2022
458,56.3,32651611,7 Debs Crossing,2012,Ar Rawḑah,7/6/2021
459,55.5,34269510,0233 Dayton Way,1993,Isla Verde,3/21/2022
460,75.9,1669782,77746 Steensland Parkway,2012,Manaoag,9/14/2021
461,94.1,99509774,4217 Mesta Street,1999,Berëzovka,5/30/2021
462,41.2,76834310,6051 Schlimgen Drive,2012,Karagach,3/29/2022
463,52.3,10667489,82474 Caliangt Terrace,2000,Dabachang,5/19/2021
464,55.1,63469942,91446 Transport Lane,2007,Aristóbulo del Valle,2/14/2022
465,68.5,69426292,27 Crownhardt Avenue,2010,Abéché,10/11/2021
466,78.0,45505503,58493 Main Pass,2011,Kalmar,10/24/2021
467,60.4,52999457,9034 Becker Pass,2007,Macun,2/9/2022
468,69.6,19328207,260 High Crossing Parkway,2001,Luyang,3/12/2022
469,89.9,14299143,0845 Graedel Street,1995,Boudinar,3/22/2022
470,88.1,94231499,90086 Gerald Place,2007,Dayong,3/9/2022
471,97.5,77364570,7 Brown Avenue,2005,Fort Wayne,3/8/2022
472,49.5,76531910,01 Jana Trail,2003,Yuanyang Zhen,2/25/2022
473,92.8,48904942,4 Barby Pass,2005,Varva,5/9/2021
474,66.1,47321483,058 Dawn Street,1984,Somovo,8/4/2021
475,64.8,58154404,300 Fordem Point,2002,San Isidro,2/20/2022
476,90.7,37869551,50 Anzinger Trail,2012,Kota Bharu,12/22/2021
477,91.7,16288472,7 Nevada Point,1996,Madīnat Sittah Uktūbar,3/26/2022
478,51.2,42015412,60 Fairfield Street,2005,Xindu,11/21/2021
479,85.4,14523258,4012 Spohn Trail,2004,Ibirité,10/19/2021
480,62.2,12314143,5 Northfield Hill,1999,Lālmohan,5/30/2021
481,51.9,54529597,1 Mitchell Park,2004,Guilherand-Granges,5/29/2021
482,59.6,88278509,9822 Ruskin Crossing,2010,Libertador General San Martín,5/15/2021
483,40.4,48380212,85 Texas Avenue,1992,Krueng Luak,9/14/2021
484,88.1,97510288,2381 Bowman Court,2004,Lebak,3/29/2022
485,75.0,7057845,6521 Ramsey Center,2012,Huangshi,3/4/2022
486,45.8,68027215,49 South Circle,2010,Yanglang,8/15/2021
487,60.6,85267370,7143 Aberg Avenue,2009,Presidente Bernardes,10/23/2021
488,98.5,69457199,1477 Waywood Center,1986,Lantian,12/20/2021
489,86.1,50778759,256 John Wall Terrace,1992,Zhirnovsk,11/12/2021
490,49.6,32479140,7638 Superior Road,1995,Anau,1/17/2022
491,89.6,17251366,3 Butterfield Parkway,2006,Roriz,4/17/2022
492,89.7,58665213,7 Gateway Plaza,2011,Ágios Efstrátios,8/14/2021
493,83.4,17599860,66615 Twin Pines Junction,2006,Yoshikawa,8/1/2021
494,52.0,77155666,07 Hanson Pass,2002,Sigu,9/3/2021
495,93.3,96109393,44 Victoria Terrace,2009,Kudanding,9/12/2021
496,56.3,87832771,9068 Ridge Oak Way,2008,Aranđelovac,9/28/2021
497,97.7,6759715,6 Pepper Wood Trail,1977,Vitomarci,8/29/2021
498,55.7,85951971,920 Helena Crossing,2009,Gradec,5/9/2021
499,57.6,39770630,5449 Westridge Plaza,1997,Richmond,6/20/2021
500,71.3,47791779,22443 Haas Terrace,2006,Sōja,10/10/2021
501,72.5,68727630,7757 Kensington Lane,2010,Priozërsk,8/6/2021
502,89.5,27116699,76 Helena Place,1993,Ponte da Pedra,1/15/2022
503,66.4,23515133,0 Hooker Drive,1984,Pacajus,12/4/2021
504,90.1,3205447,31 Oneill Junction,2008,Nanjing,3/3/2022
505,96.2,97720241,1213 Bluejay Junction,2006,As Saddah,5/12/2021
506,75.6,56892579,2126 Mariners Cove Park,2008,Dayingjie,7/31/2021
507,57.2,53151200,3405 Pond Lane,2002,Gustavsberg,7/31/2021
508,61.7,54740113,6111 Hauk Terrace,1990,Tarrafal,5/29/2021
509,86.5,13525452,6421 Merchant Way,1999,Athabasca,4/24/2022
510,99.6,55306040,06947 Nobel Junction,1998,Duba-Yurt,10/14/2021
511,69.5,21741967,457 Pennsylvania Street,2000,Saint Augustine,11/25/2021
512,52.4,41631585,205 Carberry Pass,2005,Balkh,2/2/2022
513,53.9,26935918,799 Lake View Road,1997,Stockholm,10/19/2021
514,45.2,30357335,37885 Logan Lane,1992,Anping,10/8/2021
515,91.1,30496434,76 Talmadge Center,2002,Paris 20,10/2/2021
516,55.9,12588855,936 Novick Lane,1996,Balally,1/8/2022
517,73.9,62230451,42424 Straubel Way,2011,Stockholm,1/23/2022
518,90.3,11143734,562 Pennsylvania Alley,2012,Tungdor,7/19/2021
519,97.0,13297846,48945 Sugar Trail,2007,Libertad,6/5/2021
520,50.3,84556210,46 Schlimgen Terrace,1990,Santa Luzia,1/26/2022
521,58.3,7690702,6 Anderson Park,2011,Murça,9/25/2021
522,65.2,4660026,123 Macpherson Crossing,2006,Puerto Berrío,1/1/2022
523,52.3,94825049,17 Beilfuss Pass,1990,Karlskoga,5/26/2021
524,99.5,89524550,20169 Express Pass,1998,Khāngāh Dogrān,6/17/2021
525,51.3,20064420,3137 Dovetail Circle,1988,Gabrovo,5/25/2021
526,99.0,12656055,25 Nevada Avenue,2010,Yuanqiao,12/28/2021
527,98.4,56675276,00620 Pearson Plaza,1991,IJmuiden,8/16/2021
528,77.8,26365481,53155 Green Drive,1996,Cerinza,10/2/2021
529,54.5,19422836,17 Sutteridge Lane,2008,Rennes,8/27/2021
530,66.8,38191470,26176 Ramsey Hill,2005,Calilegua,8/14/2021
531,68.9,69519556,6014 4th Drive,1998,Kaduranca,9/17/2021
532,43.9,7675732,5555 Banding Trail,2008,Zhongyuan,12/29/2021
533,68.6,28757533,21254 Alpine Place,1996,Kaduengang,7/9/2021
534,46.0,51751448,8827 Rigney Trail,1995,Karabash,11/20/2021
535,63.4,32312060,408 Mendota Drive,2010,Severnoye,7/27/2021
536,41.1,49503810,9193 Menomonie Plaza,1985,Baixi,10/2/2021
537,85.6,48456664,23818 Eastlawn Place,1980,Saint-Quentin,10/17/2021
538,70.6,26375137,313 Texas Parkway,2011,Guia,9/17/2021
539,54.8,54220687,49903 Gina Terrace,2006,Richmond,3/15/2022
540,97.0,69353186,215 Becker Circle,2006,Osorno,3/13/2022
541,72.8,19672246,317 Springview Avenue,1997,Chīchāwatni,7/23/2021
542,51.9,34365430,61 Donald Terrace,2003,Manicahan,12/30/2021
543,45.7,91155866,59138 Sauthoff Center,2008,Makiyivka,7/26/2021
544,41.4,52673284,13 Algoma Lane,2002,Winnipeg,7/14/2021
545,98.2,2762603,093 Fair Oaks Lane,2006,Kitchener,12/6/2021
546,65.9,91601929,5134 Grayhawk Plaza,2007,Hisya,1/21/2022
547,84.6,51829672,51773 Twin Pines Pass,2005,Rancageneng Satu,6/14/2021
548,85.0,52083409,6 Daystar Junction,2012,Paphos,6/18/2021
549,99.3,72735960,7423 Mockingbird Street,2010,Sumberbakti,12/15/2021
550,88.9,35641840,5 Becker Point,1994,Villa Florida,8/31/2021
551,56.2,11266850,2419 Carpenter Junction,2001,Sydney,6/22/2021
552,95.9,15204810,8 Oneill Trail,2012,Sentani,4/21/2022
553,67.2,11592813,223 Sherman Circle,1999,Parista,2/13/2022
554,82.2,35594165,4662 Myrtle Hill,1987,Ning’an,3/6/2022
555,96.3,17153897,0246 Grim Circle,1996,Ebaye,9/19/2021
556,73.9,25022781,635 Menomonie Road,2003,Tucson,11/4/2021
557,42.2,90056159,44273 Kedzie Trail,2011,Wisznice,3/3/2022
558,58.1,76116860,944 Welch Terrace,1992,Caucete,7/20/2021
559,43.1,33583256,5542 Goodland Alley,1995,Methóni,12/23/2021
560,77.7,22532000,95 Bay Junction,2012,Acas,9/7/2021
561,52.0,48956571,29824 Ludington Circle,2011,Paraćin,6/14/2021
562,98.4,72114005,50763 Shelley Trail,2004,Biris Daja,10/4/2021
563,58.8,8494303,0844 Jackson Alley,1992,Szeged,7/1/2021
564,68.2,42272074,2122 Briar Crest Place,2002,Wschowa,11/19/2021
565,97.2,45531306,2 Atwood Hill,1999,Gŭlŭbovo,7/18/2021
566,41.8,10191754,60 Ohio Hill,1999,Chase,3/14/2022
567,42.2,47357583,6 Hansons Center,1994,Grand-Bassam,6/10/2021
568,85.6,9906726,1 Brentwood Place,1993,Al ‘Aqabah,7/27/2021
569,43.4,55828669,182 Pine View Junction,1992,Omaha,8/30/2021
570,68.6,4977994,06 Becker Place,1996,Tessaoua,12/23/2021
571,72.9,30930850,10 Oak Circle,2005,Bétérou,11/19/2021
572,40.3,1663315,69 Kenwood Pass,1988,Izazi,11/16/2021
573,93.4,6417290,8607 Columbus Avenue,2012,Gamawa,9/4/2021
574,51.8,53041724,6131 Crescent Oaks Hill,1987,Załuski,10/31/2021
575,84.7,20868450,6 Farmco Junction,1992,Port-Vila,1/28/2022
576,72.1,35433735,002 Myrtle Lane,2007,Nantes,9/30/2021
577,53.5,46682041,7323 Northland Road,2004,Kunsan,7/11/2021
578,46.6,26302348,471 Stone Corner Junction,1997,Betim,5/3/2022
579,53.6,93545646,4190 Vermont Point,1999,Piraí,3/23/2022
580,71.3,31322729,88 Bayside Court,2008,Heshang,5/26/2021
581,45.0,96281516,45 Jay Trail,1963,Pereslavl’-Zalesskiy,5/24/2021
582,43.4,21156648,93268 Tony Alley,2004,Gowarczów,10/23/2021
583,98.7,15335106,66693 Sachs Drive,2002,Losari,9/25/2021
584,77.5,83676227,07051 Buena Vista Trail,2002,Tijão,5/29/2021
585,64.8,26542753,58 Sycamore Terrace,1988,Santa María del Real,6/27/2021
586,63.6,59739945,1 Elmside Alley,2012,Pruchnik,6/27/2021
587,76.1,99733556,553 Anthes Road,1994,Timoulilt,5/25/2021
588,62.5,38493227,91016 Drewry Alley,2004,Whistler,6/2/2021
589,68.7,19697292,2 Vernon Circle,1988,Przemęt,1/1/2022
590,67.8,84205200,0 Fulton Place,2008,Ashiya,7/24/2021
591,79.4,37443349,7 Golf View Way,1988,Privolzhsk,1/18/2022
592,47.8,25486160,19 Bowman Alley,2006,Tournan-en-Brie,9/17/2021
593,96.0,92810572,809 Di Loreto Crossing,1992,Curahpacul Satu,3/7/2022
594,47.9,54309366,4918 Farwell Center,2004,Sankt Lorenzen im Mürztal,9/7/2021
595,68.3,51343728,40379 Onsgard Point,2008,Standerton,3/22/2022
596,63.0,70839428,71856 Dexter Circle,2009,Shangxian,11/15/2021
597,52.8,54357048,136 Hermina Alley,2005,Pushkino,1/12/2022
598,71.8,19758398,56221 Stone Corner Lane,1999,Mianduhe,3/26/2022
599,59.5,44064943,6 Nelson Street,2010,Duy Xuyên,3/12/2022
600,93.3,59156296,8359 Upham Court,2006,Stary Sącz,9/11/2021
601,60.7,88561355,7049 Iowa Street,2006,Kuala Lumpur,12/10/2021
602,62.6,43720077,9 Autumn Leaf Point,2000,Tarxien,2/17/2022
603,43.1,79338995,02679 Cascade Pass,2012,Norashen,12/30/2021
604,48.6,97214593,07 Messerschmidt Center,2004,Shangyong,12/2/2021
605,87.2,35144948,8 Walton Road,1996,Zipárion,8/21/2021
606,93.1,1092431,0 Sunnyside Hill,1993,Konde,3/21/2022
607,40.6,93945965,04 Farwell Place,2010,Canton,9/18/2021
608,42.3,53521420,726 Browning Plaza,2012,Pajak,7/13/2021
609,48.0,77609602,2 Hooker Lane,2011,Żarów,2/19/2022
610,55.2,87712524,5162 Sachtjen Street,2006,São Mamede,9/29/2021
611,87.4,59610209,02090 West Point,1999,San Onofre,10/1/2021
612,71.1,6628327,09092 Garrison Drive,1966,Paokmotong Utara,9/25/2021
613,42.8,46131607,950 Dawn Lane,1992,Nagaracinta,12/8/2021
614,41.1,969060,94 Linden Circle,2008,Hanyuan,4/4/2022
615,92.3,90946862,9 Bashford Road,1993,Pasirbitung,8/18/2021
616,73.8,2021055,65515 Granby Way,2007,Lubumbashi,7/22/2021
617,91.1,36519120,33325 Bartillon Terrace,1992,Daiyue,5/26/2021
618,42.6,966428,17443 Cardinal Terrace,1995,Kvasy,2/16/2022
619,88.9,28502678,20283 Amoth Street,2007,Suqin Huimin,7/21/2021
620,95.2,6383456,01218 Nelson Way,2011,Gritsovskiy,11/25/2021
621,72.8,39777790,3 Dapin Trail,1987,Alvaro Obregon,8/6/2021
622,73.3,66341067,2610 Redwing Alley,2004,Marly-le-Roi,4/21/2022
623,70.3,74314293,383 Bartillon Hill,1998,Laborde,6/14/2021
624,90.6,41243813,935 Thackeray Parkway,2010,Trzebieszów,11/20/2021
625,99.5,70983796,191 Golf Course Avenue,1993,New Glasgow,3/29/2022
626,96.0,42645254,15288 Homewood Road,2007,Saint Aubin,9/20/2021
627,87.9,19907536,5265 Chive Point,2005,Jaunpiebalga,8/7/2021
628,68.5,3158001,39 Thierer Hill,1966,Matão,9/27/2021
629,67.0,76561468,347 Park Meadow Alley,1995,Otllak,7/9/2021
630,90.5,22442267,8783 7th Circle,2010,Tanushimarumachi-toyoki,5/31/2021
631,99.2,33319613,512 Fairview Lane,1987,Panji,12/21/2021
632,85.2,30555434,2 Bluestem Junction,2000,Xihe,8/6/2021
633,90.1,82762725,3 Clyde Gallagher Point,2000,Maguling,11/15/2021
634,69.4,72425917,931 Vermont Parkway,2006,Marneuli,6/24/2021
635,85.9,46214506,10031 Huxley Parkway,2004,Kebon,6/15/2021
636,87.9,81464763,33081 Morning Drive,1993,Korniyivka,7/12/2021
637,42.3,75592454,31 Miller Plaza,1992,Dapdap,10/10/2021
638,95.5,53292202,02 Sunfield Terrace,1997,Tiout,11/2/2021
639,72.3,81611021,8043 Beilfuss Point,1989,Shiyaogou,6/6/2021
640,78.3,85532020,61305 Gerald Way,1990,Vanves,11/22/2021
641,85.3,94076565,7679 Nobel Alley,2007,Konibodom,8/8/2021
642,65.4,74889927,9 Northview Crossing,2000,Oslo,8/3/2021
643,75.6,35218284,298 Holmberg Avenue,1990,Caen,10/6/2021
644,48.5,9327184,14 Jenna Circle,2006,Burgas,3/18/2022
645,70.8,26056627,65902 Melody Circle,2007,Ghāro,6/26/2021
646,96.5,64484467,7223 Southridge Point,2004,Karlsruhe,6/30/2021
647,97.6,60466255,9843 Macpherson Center,1992,Babakanloa,10/24/2021
648,78.5,61416444,57812 Sachtjen Point,2006,Tongyangdao,10/3/2021
649,40.9,44485472,76748 Namekagon Place,1992,Nankun,6/17/2021
650,58.4,73026841,201 Lighthouse Bay Trail,2009,Merklín,2/6/2022
651,65.0,2344352,481 Jay Street,2006,Tianxin,3/31/2022
652,59.1,76783474,6 Sunbrook Road,1994,Myitkyina,2/20/2022
653,81.3,69364192,1 Duke Center,2002,Prengtale,3/21/2022
654,46.0,20900852,66 Redwing Court,1965,Aguadas,2/7/2022
655,75.6,33723543,7331 Dawn Lane,2007,Pangalangan,7/19/2021
656,78.0,26426773,85 Forest Dale Terrace,2008,Kungsbacka,3/9/2022
657,45.3,81613170,05634 Fieldstone Court,2011,Phúc Yên,1/6/2022
658,41.2,24514506,719 Anthes Parkway,1953,Dębowa Łąka,7/24/2021
659,75.2,87174617,53 Prairie Rose Pass,1987,Emporeío,9/1/2021
660,62.6,25312687,9 Red Cloud Alley,2003,San Vicente,12/5/2021
661,51.9,30674900,096 Sycamore Street,2010,Maromitsa,4/29/2022
662,74.9,79905328,816 Maywood Street,1993,Jantake,4/3/2022
663,95.5,1507046,2324 Elgar Park,1999,Ban Talat Bueng,8/10/2021
664,90.0,2349395,4288 Shelley Park,2002,Tyresö,12/24/2021
665,99.3,83606620,569 Alpine Lane,2006,Dalu,4/13/2022
666,70.3,31645372,0885 Anniversary Point,1993,San Pablo,9/25/2021
667,51.1,32948678,7337 Old Shore Street,1995,Pokrovskoye,7/15/2021
668,55.2,42036550,593 Harbort Street,2002,Mapusagafou,11/14/2021
669,86.6,40281959,01625 Ridgeview Trail,2005,Den Haag,12/28/2021
670,52.8,98816422,4 Springs Center,2008,Tigaon,2/10/2022
671,74.3,44240366,1 Colorado Court,2008,Minh Long,8/24/2021
672,47.9,5109146,4265 Cordelia Parkway,1993,Tomislavgrad,7/18/2021
673,77.5,44073409,1672 Graedel Way,1994,Kerasochóri,3/4/2022
674,97.8,10576201,4060 East Street,1990,Itororó,6/6/2021
675,57.2,43282339,946 Anderson Terrace,2012,Karanganyarkrajan,10/8/2021
676,50.5,71745550,5 Bultman Place,2003,Ljungskile,6/30/2021
677,81.8,22403675,1 Randy Place,2007,Dunhou,1/17/2022
678,67.6,32438326,12061 Kropf Park,2004,Samal,4/18/2022
679,56.4,75748583,5243 Atwood Terrace,2006,Cibeureum,11/27/2021
680,44.9,63701151,98 Loftsgordon Junction,2005,Talayan,10/17/2021
681,47.6,21647651,115 Darwin Park,2002,Taganskiy,11/18/2021
682,54.2,67218966,98319 Ludington Way,2010,Lindome,3/21/2022
683,94.9,21757433,8 Fremont Street,1993,Santa Monica,7/17/2021
684,60.2,86336259,4820 Mandrake Pass,2012,Lazarat,12/10/2021
685,84.5,37144143,86090 Tomscot Street,2001,Durham,4/12/2022
686,74.6,9946369,32346 Warner Way,2001,Vicente Guerrero,8/17/2021
687,54.7,16303895,67812 Mcguire Plaza,1994,Mokronog,3/6/2022
688,51.2,72814367,96291 Pleasure Parkway,1990,Buenavista,8/31/2021
689,83.0,34519241,00878 Arapahoe Street,1985,Dar Chabanne,9/3/2021
690,92.2,21944877,32 Surrey Alley,2008,Langres,8/24/2021
691,69.5,61114085,62 Hansons Center,2009,Krasna,12/21/2021
692,75.7,65195657,7260 Blackbird Place,1998,Minnedosa,10/8/2021
693,88.8,94526986,21 La Follette Place,2000,Owen Sound,8/23/2021
694,71.6,82921537,00255 Hintze Plaza,2011,Parigi,2/19/2022
695,71.8,56701398,405 Cambridge Park,2001,Itamarandiba,2/3/2022
696,79.2,7867044,821 Stuart Alley,1997,Watunggong,1/26/2022
697,41.2,54230703,6 Pankratz Hill,1999,La Huerta,7/29/2021
698,62.6,62829620,1 Continental Parkway,1990,Nancy,3/31/2022
699,44.7,68788966,68 Hintze Drive,2000,Sheki,9/30/2021
700,61.2,44069806,9 Raven Plaza,2001,Jinzhuang,9/18/2021
701,88.8,99348411,72 Namekagon Center,2006,Paccha,12/4/2021
702,90.1,7123164,48 Havey Circle,1993,Núi Đối,12/4/2021
703,49.4,11655928,2 Loomis Pass,2002,København,6/3/2021
704,62.0,94339209,8042 Sundown Circle,1997,Dayapan,7/20/2021
705,40.1,14277537,2 Gateway Trail,2005,Killorglin,7/29/2021
706,98.5,11333098,51 Pankratz Plaza,2007,Katsuyama,8/15/2021
707,60.1,68233709,37 Shasta Lane,1986,Longquan,7/17/2021
708,78.0,15757092,27941 Darwin Circle,2004,Carhuac,10/16/2021
709,94.2,8175335,03782 Continental Point,1996,Maria Aurora,12/23/2021
710,47.1,46157025,91591 Clarendon Junction,2012,Medellín,3/15/2022
711,61.7,44998095,3994 Washington Avenue,1995,Umeå,5/2/2022
712,86.4,9859757,345 Sutteridge Road,1996,Halden,7/10/2021
713,91.7,86376542,33597 Rowland Drive,2005,Mostovskoy,4/8/2022
714,63.8,87088124,0 Waubesa Plaza,2011,São Luís de Montes Belos,4/10/2022
715,63.8,65350735,5362 Brickson Park Way,2008,Lichengdao,7/16/2021
716,92.3,2411363,3 5th Crossing,2007,Batticaloa,9/12/2021
717,89.6,73501115,6067 Hovde Street,1997,Chust Shahri,6/14/2021
718,60.5,90294659,1 Waubesa Center,2009,Mojolampir,5/18/2021
719,47.4,3048704,187 Nelson Court,2004,Nerk’in Getashen,12/8/2021
720,99.7,31119083,5607 Iowa Circle,1994,Capandanan,4/23/2022
721,68.4,75258857,408 Orin Alley,1970,Chazón,2/6/2022
722,74.2,15541724,75 Fairview Street,2012,Malaga,7/12/2021
723,90.4,22840447,0480 Calypso Alley,1999,Forbach,6/12/2021
724,74.0,22461559,2170 Lakewood Alley,1993,Cafayate,10/24/2021
725,59.0,84613044,270 Dexter Street,2012,Bakan,1/11/2022
726,87.8,93801552,65870 Buell Point,1996,Ciechanów,2/3/2022
727,74.9,87398798,0758 Anzinger Drive,2010,Bárrio,6/29/2021
728,63.6,53576248,0 Summerview Avenue,1989,Boavista,2/28/2022
729,66.7,24278635,28155 Chinook Drive,2011,Yokotemachi,4/15/2022
730,72.5,4772950,2 Gina Crossing,2012,Sherbrooke,4/2/2022
731,67.9,1954516,93 Blue Bill Park Point,2002,Eguia,5/6/2021
732,69.2,64468432,9928 Clyde Gallagher Pass,2008,Rangah,2/23/2022
733,54.3,89481580,5937 Waxwing Court,2004,Cimuncang,11/23/2021
734,73.5,58162856,16 Lyons Parkway,1997,Hearst,1/30/2022
735,63.5,68979641,604 Lakeland Center,1987,Veliko Tŭrnovo,1/30/2022
736,58.8,9165659,526 Anhalt Center,2013,Kiikala,3/3/2022
737,87.6,4076065,9784 Shelley Pass,1999,Alverca do Ribatejo,2/27/2022
738,92.1,97183391,57104 Derek Circle,2000,Vinica,9/7/2021
739,72.3,77707828,4 Kipling Hill,2003,Martinópolis,5/12/2021
740,75.1,93127815,86742 Union Plaza,1995,Libu,8/9/2021
741,88.7,76034572,59 Namekagon Road,2004,Nagcarlan,3/18/2022
742,52.0,40007180,114 Mallard Alley,1988,Holboo,11/9/2021
743,77.7,99367239,918 Mesta Alley,2009,Pop Shahri,7/5/2021
744,64.4,64813620,0 Carberry Place,2012,Basail,6/2/2021
745,59.0,25665665,28926 Merrick Park,2004,Göteborg,4/22/2022
746,99.3,86006818,8130 Schlimgen Road,1992,Jönköping,11/14/2021
747,64.4,82132665,03 Armistice Parkway,2009,Isangel,3/22/2022
748,94.0,90149094,997 Armistice Parkway,1994,Debre Mark’os,10/3/2021
749,51.0,99640851,5481 Oakridge Alley,1992,Torre de Moncorvo,4/12/2022
750,58.5,77460735,7715 Mcguire Avenue,1992,Ban Tak,10/2/2021
751,92.9,64213490,836 Westport Pass,2011,Sim,7/3/2021
752,40.4,48428840,8 Washington Center,1989,Ilhabela,1/28/2022
753,68.4,70158484,2753 Mcbride Circle,2004,Jiang’an,9/15/2021
754,48.7,62392383,21735 Loftsgordon Street,1992,Winburg,8/9/2021
755,98.3,62441190,6060 Scott Alley,2011,Kutno,6/28/2021
756,63.5,72304113,25225 Claremont Way,1966,Hongguang,1/1/2022
757,50.1,17855392,124 Heath Lane,2010,Gambo,6/19/2021
758,50.6,53849106,978 Mendota Way,2001,Javānrūd,11/18/2021
759,62.9,741341,31186 Goodland Drive,2008,Roche Terre,5/4/2022
760,40.2,34567317,908 Center Trail,2005,Tarumizu,10/13/2021
761,93.5,35466906,0135 Lakeland Circle,1996,Blama,10/18/2021
762,48.8,88142379,9642 Raven Street,2004,Lucaya,12/10/2021
763,90.8,73327506,5 Farmco Trail,2003,Baikouquan,2/1/2022
764,42.6,87665939,69577 Merchant Road,2003,Tutong,12/22/2021
765,40.3,96921740,52 Rockefeller Road,1996,Saltsjö-Boo,11/9/2021
766,42.4,89588725,5 1st Court,2012,Torzhok,4/24/2022
767,50.5,88003836,2541 Ridge Oak Way,1997,Miān Channūn,9/26/2021
768,76.3,82760905,3624 Butterfield Center,1968,Grodzisk Mazowiecki,10/14/2021
769,85.8,47878319,7 Corscot Parkway,2008,Pātan,2/23/2022
770,98.5,72693035,409 Old Gate Center,1993,Pulo,9/24/2021
771,54.8,74925035,43 Lotheville Plaza,1992,Hongdu,3/28/2022
772,93.6,87401002,9 Prentice Place,2005,Cigoong,6/30/2021
773,94.6,15634331,90362 Helena Crossing,2003,Paradise,6/16/2021
774,62.5,9686893,6399 Lighthouse Bay Alley,2006,Fengjiang,5/2/2022
775,67.1,85717438,61561 Dixon Street,2012,Carmen,5/19/2021
776,47.0,98887696,9415 Anthes Place,2004,Tiancheng,9/27/2021
777,60.7,62494252,429 Prairie Rose Pass,1990,Huangzhuang,1/16/2022
778,61.9,71811999,899 Mariners Cove Circle,2011,Jeziora Wielkie,2/8/2022
779,83.4,98358100,735 Toban Crossing,2006,Pittsburgh,10/26/2021
780,78.0,80524904,430 Arizona Drive,2000,Hongsung,11/7/2021
781,54.3,17984173,2 Jay Way,2009,Gucheng,7/25/2021
782,70.6,71716035,1 Annamark Drive,2001,Shihudang,3/6/2022
783,94.3,51549905,568 Memorial Pass,2005,Abóboda,5/14/2021
784,83.5,50333455,223 Brown Junction,2003,Vila Velha,1/10/2022
785,68.7,34423559,969 Debra Junction,2010,Limoeiro do Ajuru,2/7/2022
786,98.9,76508199,38 Melvin Crossing,1996,Ad Dīwānīyah,1/10/2022
787,100.0,8081703,59 Morningstar Plaza,1992,Uppsala,10/27/2021
788,82.8,22486930,5465 Dixon Park,2003,Dankunku,4/9/2022
789,46.6,814092,7086 Pepper Wood Place,2007,Nggelok,7/18/2021
790,76.4,1939332,55 Talmadge Way,1997,Pomacanchi,12/22/2021
791,55.8,33217349,6691 Blue Bill Park Place,2012,Rasshevatskaya,6/5/2021
792,59.4,55748137,9432 Sugar Junction,1999,Seshcha,3/11/2022
793,63.2,25173987,99528 Hanover Drive,2001,Ubon Ratchathani,12/22/2021
794,84.6,4907739,95970 Dwight Street,2007,Tan Sum,3/22/2022
795,68.0,48709779,7 Forster Street,2010,Ning’an,5/21/2021
796,68.7,13291107,105 Schiller Parkway,1995,Malanje,5/23/2021
797,45.6,36639151,3925 Mayer Hill,2008,Kivsharivka,1/10/2022
798,81.6,2888013,5 Muir Lane,2007,Sepulu,5/17/2021
799,44.4,91496617,2086 Mallory Hill,2001,Botigues,1/1/2022
800,46.9,61907877,70 Anzinger Avenue,2008,Bandhagen,3/1/2022
801,88.4,91635564,86 Independence Plaza,2009,Kortkeros,8/25/2021
802,68.0,54085291,67 Brentwood Plaza,2006,Doña Remedios Trinidad,5/31/2021
803,40.3,65164506,2939 Sauthoff Park,2012,Daniwato,3/23/2022
804,96.5,34198355,89 Golf Course Place,2002,Fargo,7/6/2021
805,85.8,91270329,2327 Arizona Drive,2006,Tarikolot,9/9/2021
806,98.8,26267872,081 Messerschmidt Court,2006,Wunat,3/2/2022
807,58.8,51299406,378 Fair Oaks Parkway,2010,Hanjiashu,1/24/2022
808,65.9,21479287,187 Mccormick Park,2008,Mamfe,2/12/2022
809,40.7,32105889,74531 Express Circle,1989,Yanggu,6/15/2021
810,67.0,81554890,5244 Artisan Plaza,2000,Pakkat,3/3/2022
811,42.4,92137790,94 Little Fleur Crossing,2001,Cimaragas,8/3/2021
812,96.4,67102718,30531 Summer Ridge Avenue,2007,Hexi,1/19/2022
813,97.9,85917267,089 Iowa Crossing,1997,Xinbao,2/9/2022
814,80.5,48282792,1685 Porter Center,2006,Banjar Sandinggianyar,9/5/2021
815,95.8,82332427,587 Lerdahl Terrace,1986,Qal‘eh-ye Khvājeh,5/30/2021
816,75.3,25614722,1 Roth Trail,2008,Tulay na Lupa,12/19/2021
817,98.7,98224345,046 Heath Place,1972,Obubra,1/10/2022
818,97.8,55523138,71412 Vidon Point,1996,Pasirangin Tiga,2/28/2022
819,74.5,1400561,30 Rutledge Park,2011,Dolisie,8/12/2021
820,58.7,51710566,458 Anzinger Junction,2004,Morohongō,12/28/2021
821,61.6,63449276,2522 Lakeland Court,1990,Kista,9/13/2021
822,70.6,59681780,413 Coleman Hill,2010,Meijiahe,10/3/2021
823,68.3,95316907,83 Hermina Center,2006,Viekšniai,9/16/2021
824,88.7,57994339,74223 Springview Trail,2008,Três Corações,6/29/2021
825,78.6,58726793,5 Weeping Birch Parkway,2007,Zbýšov,10/7/2021
826,88.7,92696708,4101 Roxbury Circle,1986,Iriga City,12/28/2021
827,61.5,18552974,33453 Waubesa Place,2008,Sōka,10/20/2021
828,61.0,90798628,997 Menomonie Parkway,1992,Posadas,1/15/2022
829,42.0,62491956,66 Killdeer Lane,2010,Mauloo,5/18/2021
830,69.0,97307066,0 Vahlen Crossing,2013,Danglang Hudong,3/17/2022
831,82.5,71885372,023 Talisman Crossing,2003,Zhongguan,11/21/2021
832,75.2,95771385,67 Sachs Terrace,1995,San Andrés,11/25/2021
833,86.5,32332765,1 Columbus Junction,1996,Além do Rio,12/9/2021
834,55.8,97979328,0 Huxley Trail,1996,Diamantina,2/1/2022
835,76.8,49363041,9154 Mallard Drive,1987,Macau,12/13/2021
836,59.7,54343831,8077 Service Park,1997,Nurlat,10/28/2021
837,81.7,92552678,261 Commercial Crossing,2005,Bakungan,12/23/2021
838,49.4,73758505,778 Warner Park,1992,Shtip,2/5/2022
839,90.7,13626390,10770 Fremont Terrace,1992,Idvor,6/24/2021
840,89.6,26298304,3 Magdeline Hill,2000,Pinhal da Marquesa,6/27/2021
841,80.1,94463433,5 High Crossing Circle,2006,Dumbéa,11/11/2021
842,68.8,6377952,56 Westridge Crossing,2010,Shimo-furano,9/22/2021
843,99.4,20989312,270 Milwaukee Crossing,1992,Lela,3/3/2022
844,73.1,90773240,9274 Prairieview Place,2001,Aya,5/7/2021
845,58.6,57568737,2 Granby Lane,2009,Cazin,5/16/2021
846,60.6,32197188,62 Petterle Parkway,2012,Indianapolis,12/9/2021
847,69.4,32398126,96 Eagan Point,2011,Nove-Misto,11/23/2021
848,93.7,31525307,4954 Kings Center,1996,Itaqui,8/6/2021
849,52.4,19923435,22090 Moulton Trail,2011,Santa Vitória do Palmar,2/22/2022
850,66.4,78650869,0798 Homewood Circle,1987,Huagang,2/21/2022
851,77.7,47204255,5264 Reindahl Center,2000,Santiago Puringla,3/16/2022
852,97.4,2100086,67 Stephen Circle,2005,Pancoran,9/18/2021
853,54.8,17713260,28 Pierstorff Court,2012,Xiaofayi,5/13/2021
854,71.8,3549140,4 Nelson Road,2002,Maromitsa,6/11/2021
855,68.6,9413003,7612 Banding Avenue,1998,Malasin,7/14/2021
856,40.5,37949053,7 Heath Alley,1994,Shchuchin,10/24/2021
857,83.9,5241777,703 Sachs Street,2007,San Vicente de Moravia,1/11/2022
858,84.0,18219757,02461 Logan Way,1992,Síkinos,2/2/2022
859,47.8,21354895,39223 Carpenter Way,1964,Alibunan,12/17/2021
860,98.5,35650795,694 Hansons Alley,2004,Al ‘Azīzīyah,3/5/2022
861,53.8,49140068,8 Cardinal Trail,1995,Aknīste,12/1/2021
862,76.2,86885606,18810 Southridge Crossing,1992,Trollhättan,8/9/2021
863,40.5,70464150,2 Tomscot Place,1997,São Martinho,11/25/2021
864,49.4,88942511,7 Welch Way,1992,Lampa,4/3/2022
865,99.5,85230887,5234 Cottonwood Point,1965,Pavlovskaya,6/25/2021
866,72.4,20584225,1 Corry Drive,1997,Draginje,6/2/2021
867,90.5,53992714,15141 Butternut Junction,2011,Samālūţ,9/27/2021
868,73.2,53038446,1352 Starling Plaza,2005,Springbok,7/1/2021
869,64.2,88883139,926 Pawling Point,2000,Qilin,1/8/2022
870,50.5,79156167,43 Mallory Alley,2012,Cabaiguán,10/1/2021
871,51.9,27379782,16334 Swallow Crossing,1993,Sovetskoye,8/16/2021
872,52.2,44592300,2507 Main Junction,2001,Lucan,1/2/2022
873,61.7,17426486,0026 Heffernan Park,1999,Patayac,12/19/2021
874,44.9,88994223,6 Dawn Hill,2003,Kungsbacka,5/4/2022
875,58.2,73872929,0288 Crest Line Crossing,1983,Shahre Jadide Andisheh,1/6/2022
876,51.7,28538469,61 Westport Junction,1986,Talayan,11/23/2021
877,85.4,1960271,6 Basil Street,2011,Pondokdalem,9/18/2021
878,70.0,8551394,1 Fulton Plaza,1997,Bestovje,10/25/2021
879,69.4,43788589,7449 Arrowood Drive,1994,Tōbetsu,2/3/2022
880,47.1,13674042,4 Summit Point,2010,Zhongnan,10/31/2021
881,74.0,97326021,4 Welch Center,2001,Chinchaypujio,1/27/2022
882,84.8,3410110,465 Havey Place,1999,Kedungsinggil,1/8/2022
883,59.8,83680139,24267 Oneill Center,1999,Santiago,1/12/2022
884,55.3,40812859,987 Farmco Terrace,2012,Xinqiaohe,12/15/2021
885,54.6,89878931,67490 Little Fleur Parkway,2007,São Miguel de Machede,7/3/2021
886,91.9,66923383,0 Eastlawn Junction,2000,Goiana,4/1/2022
887,71.2,58810996,9 Mifflin Park,1996,San Juan Atitán,11/25/2021
888,59.5,94036056,671 Norway Maple Trail,1999,Shangmofang,1/14/2022
889,64.8,31418111,06049 Hoepker Circle,2009,Bautista,12/9/2021
890,95.3,62436386,83 Del Mar Road,2007,Ciudad Nueva,2/7/2022
891,58.1,23817270,66312 Darwin Crossing,2006,Tögrög,4/4/2022
892,88.2,46757115,3846 Texas Avenue,2007,São João da Boa Vista,9/21/2021
893,63.0,16408852,9 Erie Way,2006,Caridade,8/4/2021
894,72.5,52513592,18252 Bunker Hill Junction,2003,Prantaan,9/6/2021
895,83.6,14910826,7710 Kim Avenue,2010,Hainan,1/8/2022
896,75.3,95412225,14056 School Way,2005,Hanzhong,12/22/2021
897,50.9,58681881,5728 Jenna Plaza,2012,Cobre,8/15/2021
898,47.8,87561729,34 Northfield Alley,2009,Mae Hi,1/19/2022
899,76.1,71939723,93528 Talmadge Circle,2006,Santo Amaro,12/13/2021
900,55.6,58270931,605 Sugar Trail,1994,Néa Plágia,11/5/2021
901,84.3,87081506,092 Lukken Parkway,2011,Capatárida,4/4/2022
902,89.7,5142179,93 Toban Avenue,2005,Lac-Mégantic,1/31/2022
903,42.5,84119523,30516 Sugar Junction,2002,Artesianón,5/6/2021
904,56.6,7454974,95437 Oak Pass,2010,Gradac,11/6/2021
905,92.3,920355,976 Quincy Park,2011,Bordeaux,7/4/2021
906,96.9,27815317,60502 Fairview Lane,2009,Siguinon,10/15/2021
907,60.1,93813495,77 Grover Place,2006,Andamui,8/1/2021
908,88.1,81503862,583 Blaine Pass,2007,Ciyun,8/31/2021
909,87.9,82255064,1 Northwestern Park,2005,Huamachuco,9/1/2021
910,78.1,74223492,2065 Thierer Court,2007,Mikulášovice,9/15/2021
911,83.3,45459691,33095 Sachs Circle,2011,Sucre,10/5/2021
912,78.0,95402765,7456 Parkside Point,1999,Avelinha,12/30/2021
913,94.0,59257952,1027 Ridgeway Alley,2007,Krasnyye Chetai,5/16/2021
914,97.0,11046586,2344 Melody Center,2009,Xinglong,5/28/2021
915,83.7,55295789,359 Kinsman Terrace,1986,Tours,8/5/2021
916,51.0,20441976,55037 Cordelia Avenue,2012,Béthune,1/17/2022
917,96.9,4700098,49 Union Alley,2002,Santo Isidro,11/16/2021
918,76.6,62307509,78 Nova Hill,1995,Aldana,5/2/2022
919,99.6,10983349,16657 6th Alley,1999,Vilares,2/3/2022
920,75.8,22200449,048 1st Point,2001,Sangzhen,6/26/2021
921,89.9,88792504,2341 Schlimgen Way,1995,Luleå,11/26/2021
922,50.4,18863097,85 Holmberg Pass,1999,Nowe Skalmierzyce,9/21/2021
923,86.8,52740429,3267 Acker Point,2001,Brooklyn,4/8/2022
924,54.1,17559519,54244 Shelley Drive,2013,Buensuseso,9/2/2021
925,81.8,1840452,05648 Logan Alley,2001,Wenjī,2/27/2022
926,75.6,62633198,8 Prairie Rose Road,2010,Belford Roxo,3/15/2022
927,71.8,95060130,0 Arkansas Place,1993,Saryshaghan,1/26/2022
928,47.1,57180051,6 Dapin Park,2007,Yanggu,3/4/2022
929,41.1,88521162,95 Maple Hill,2005,Syracuse,11/4/2021
930,85.5,87626269,895 Hallows Road,1992,Desnogorsk,5/14/2021
931,96.9,37403305,8624 Sage Way,2005,Kadoma,2/7/2022
932,93.8,10408746,715 Blaine Court,2002,Zábřeh,5/11/2021
933,46.5,58998369,45 Pepper Wood Court,1993,Drammen,4/12/2022
934,77.3,93020487,54 Sunfield Plaza,1996,El Paso,9/30/2021
935,98.5,16656295,417 Buell Court,1991,Cabedelo,2/14/2022
936,45.9,12936203,68125 Northland Plaza,1990,Vårgårda,12/13/2021
937,55.3,31402017,49 Hoard Trail,2006,Huambalpa,7/29/2021
938,48.6,18397061,78 Lighthouse Bay Hill,1999,El’brus,6/13/2021
939,82.2,99950626,758 Service Junction,1993,Monze,11/3/2021
940,62.4,56488120,903 Raven Park,2010,Andongsari,2/1/2022
941,60.3,32328376,4741 Summerview Center,1998,Beigang,12/4/2021
942,40.0,95212074,26601 Aberg Way,1993,Mlawe,8/10/2021
943,82.2,21024895,1 Aberg Trail,2005,Garça,6/18/2021
944,87.6,78814015,13710 Crescent Oaks Alley,2003,Paris 11,9/6/2021
945,69.7,64387988,209 Rockefeller Point,1993,Ordóñez,1/31/2022
946,94.6,37081739,31495 Red Cloud Court,2002,Sacramento,6/5/2021
947,76.3,76860085,24975 North Drive,2008,Biskamzha,8/9/2021
948,89.8,36703213,47128 Eggendart Avenue,2002,Macapsing,9/12/2021
949,48.7,58846891,7 Jay Hill,1985,Zhirnovsk,1/14/2022
950,45.0,15754995,424 1st Drive,2003,Xiali,5/5/2021
951,70.8,57524251,19842 Glacier Hill Circle,1993,Caopie,6/9/2021
952,60.1,52976683,69 Cherokee Trail,1997,Shihuang,5/8/2021
953,84.2,27729608,53144 Ronald Regan Drive,2004,Cihe,7/24/2021
954,64.6,73942645,0 Evergreen Hill,2000,Messina,7/21/2021
955,56.8,34475657,454 Westport Alley,1995,Campos do Jordão,8/9/2021
956,69.0,30168334,9492 Reinke Street,1997,Parzęczew,10/4/2021
957,92.2,31516536,46 Lakewood Gardens Avenue,2012,Fangfan,5/10/2021
958,69.6,12824747,14258 Division Drive,1996,Draguignan,11/9/2021
959,92.4,42610843,3 Ridgeview Court,1997,Ústí nad Orlicí,7/1/2021
960,90.9,11069662,0 Mendota Way,2010,Kuanfeu,12/4/2021
961,44.0,78615277,29 Schiller Avenue,1995,Hecheng,6/1/2021
962,45.5,17861076,36751 7th Place,2011,Néa Palátia,2/3/2022
963,43.2,93879594,227 Lien Street,2007,Rembes,4/21/2022
964,95.5,239825,298 Service Center,2002,Rostock,4/5/2022
965,91.5,50339996,79282 Washington Crossing,2006,Vyshniy Volochëk,4/4/2022
966,59.8,17664029,07 Glacier Hill Center,1999,Včelná,11/16/2021
967,79.3,57843504,42352 Stephen Park,2000,Metapán,6/23/2021
968,93.0,64443520,0635 Rusk Circle,2001,Nepeña,10/25/2021
969,69.0,33796123,43591 Anniversary Street,2011,Quarteira,1/30/2022
970,70.0,80490689,6641 Schlimgen Park,2003,Santa Cruz,5/29/2021
971,68.4,72434790,83392 Chive Point,1995,Kapsan-ŭp,2/1/2022
972,94.2,27898014,932 Bunting Trail,1999,Agrela,2/22/2022
973,94.2,44763676,961 Logan Parkway,2006,Agra,2/26/2022
974,40.9,23602071,5783 Hoffman Plaza,1959,Victoria,4/8/2022
975,40.9,4984649,347 Springview Avenue,1998,Atarodangwautu,7/17/2021
976,96.4,57134658,3509 Mallory Lane,1992,Madang,4/3/2022
977,55.5,66985507,999 Morrow Crossing,2008,Itápolis,5/8/2021
978,81.7,65925022,80365 Clarendon Plaza,1992,San Diego,3/3/2022
979,74.2,89526605,8359 Vidon Way,2000,Gandu,3/12/2022
980,61.1,80186293,02948 Fisk Pass,2006,Frederico Westphalen,9/12/2021
981,97.1,64258736,750 Veith Trail,1986,Coroatá,8/29/2021
982,50.2,78313382,32087 Hoard Avenue,2004,Suisan,10/6/2021
983,90.0,13311751,3 Waywood Road,2008,Canjulao,4/11/2022
984,93.4,24081326,36172 Maple Crossing,2005,San Francisco,1/17/2022
985,68.5,11496884,41 Londonderry Drive,2000,Idah,4/18/2022
986,79.3,39300920,27 Ilene Alley,1996,Jutaí,6/4/2021
987,44.8,40989895,3878 Warbler Terrace,2010,Xiaohekou,8/9/2021
988,64.7,68473940,513 Surrey Junction,1998,Cherëmushki,9/4/2021
989,92.2,14694937,40999 Packers Point,2009,Oxbow,2/28/2022
990,94.8,60564949,31 Derek Alley,1990,'s-Hertogenbosch,7/30/2021
991,44.6,75140160,4726 Northwestern Place,1993,Jiubao,3/8/2022
992,66.2,56214770,2981 Mesta Terrace,1996,Paseka,7/28/2021
993,62.8,69299570,27 7th Lane,2002,Baofeng,6/18/2021
994,81.3,75842847,40090 Chinook Point,1994,Rushanzhai,2/8/2022
995,73.3,63611662,6385 Crownhardt Alley,1997,Safotulafai,3/29/2022
996,56.1,75564060,7 Jenifer Hill,2012,Quanzhou,11/30/2021
997,71.1,28152842,302 Drewry Place,2010,Marne-la-Vallée,4/26/2022
998,48.9,40188060,36 Randy Pass,1988,Mporokoso,5/8/2021
999,42.2,87412380,625 Golf Way,1992,Sirindhorn,3/26/2022
1000,96.7,11318433,152 Pepper Wood Terrace,2005,Pombal,11/1/2021
