id,velikost,cena,ulica,hisna_stevilka,postna_stevilka,leto_izgradnje,kupuje_agencija
1,67,640747,8982 Utah Place,5514,843,2003,20
2,97,561289,2242 5th Way,355,893,2003,16
3,52,931381,82 Gina Parkway,92,663,1989,27
4,62,899633,5617 Linden Crossing,28,673,2008,25
5,99,346436,87002 Elmside Place,19634,918,1990,8
6,42,328774,20 Melrose Pass,251,225,2005,9
7,86,954458,361 Parkside Pass,65,528,2012,29
8,62,529103,07 Laurel Circle,29,881,2006,10
9,100,382332,987 Golf Course Trail,4132,294,2003,2
10,87,451886,3551 Morrow Avenue,23460,681,2011,3
11,87,535907,218 Lakewood Court,5840,56,1998,24
12,96,827997,7 Melvin Junction,7,596,2005,15
13,53,405706,8800 High Crossing Circle,0941,938,2000,3
14,81,622774,132 Wayridge Pass,0728,358,1984,4
15,89,760257,2 Ridge Oak Drive,2,32,2008,21
16,67,356020,68 Mcbride Point,78,59,2012,1
17,98,776169,3 Acker Way,429,413,1998,23
18,47,959891,3 Northview Circle,397,349,2003,13
19,88,848837,2 Pawling Alley,10,421,1993,2
20,71,521694,75358 Fairfield Trail,87223,973,2000,23
21,86,291372,09647 Onsgard Trail,57144,608,2012,25
22,93,744466,6 Johnson Circle,7,29,2006,6
23,99,691213,4232 Farmco Plaza,9,499,1999,3
24,78,788001,95286 Meadow Ridge Street,3,393,1998,17
25,80,414940,37132 Duke Road,60,802,2007,1
26,67,755727,71 Algoma Alley,372,408,2011,19
27,91,287187,2627 Scofield Park,15752,326,2012,26
28,43,463957,150 Rutledge Hill,3,378,2010,6
29,62,444849,3310 Porter Way,40,273,1988,4
30,50,963657,6519 Vidon Hill,7703,176,1989,16
31,63,672451,9094 Darwin Circle,978,168,2003,22
32,45,703735,3 Menomonie Crossing,0,99,2010,10
33,58,718608,1028 Lillian Terrace,88071,904,2006,15
34,73,719204,36649 Ludington Place,738,447,1996,20
35,100,662878,8503 Gerald Park,8,968,2012,5
36,67,202637,7854 4th Crossing,339,978,1998,20
37,84,274899,943 Algoma Plaza,13892,49,2011,23
38,50,569394,38 Westerfield Terrace,99612,600,2006,26
39,70,533288,19 Redwing Road,30,934,2009,14
40,93,459402,854 Golf Avenue,091,831,2005,20
41,50,471811,5 Mitchell Avenue,2,44,2000,29
42,72,333776,8 Caliangt Plaza,48126,540,2012,21
43,53,942985,6 Mandrake Point,14162,785,2002,19
44,79,395841,41563 Sundown Junction,46263,387,1990,27
45,43,887648,13780 Corben Terrace,67,790,1998,3
46,90,455412,1048 Corry Plaza,00014,719,2011,15
47,70,299193,47 Moland Street,2096,181,2008,5
48,48,887588,629 Bayside Avenue,109,232,1998,3
49,52,801940,6732 Schlimgen Plaza,108,24,2003,3
50,92,749546,2 Manitowish Place,1,388,1994,14
51,63,300626,31931 Briar Crest Alley,898,855,1999,25
52,74,509173,41 Toban Alley,23849,498,2008,24
53,79,594163,242 Memorial Terrace,788,121,2010,27
54,74,996586,1 3rd Park,9,488,1998,26
55,99,621020,0 Bartelt Court,38545,870,1990,29
56,56,203428,304 Prairieview Pass,7,439,2002,11
57,55,300158,376 Gina Plaza,62679,633,2012,24
58,40,636377,067 Stone Corner Avenue,0,68,1967,25
59,99,639718,6435 Old Gate Terrace,0898,753,1999,4
60,60,698072,8 Melody Park,4380,586,2003,17
61,69,937502,5 Orin Center,12,309,1969,21
62,79,412166,69 Morningstar Avenue,41025,22,2011,8
63,53,813538,4 Sycamore Junction,830,332,1984,2
64,64,487780,76767 Vera Trail,8862,493,1998,21
65,99,443562,91 Chinook Court,3,943,2001,10
66,64,484209,360 Manley Street,42223,917,1991,30
67,40,960550,7665 New Castle Trail,30851,196,2009,22
68,52,854494,5 Menomonie Street,56434,300,2011,1
69,100,419062,6209 Meadow Vale Point,322,477,2002,24
70,47,421624,79 Graedel Alley,32,996,1995,26
71,44,235093,683 Badeau Center,9414,589,2010,17
72,68,367014,3 Duke Way,2230,451,2008,3
73,88,792217,5552 Boyd Way,374,315,1992,26
74,93,927424,70946 Ridgeview Road,453,653,1997,19
75,60,934004,3 Eliot Plaza,84389,910,2008,4
76,84,394490,482 Johnson Street,86199,565,2005,29
77,72,951946,55113 American Terrace,966,903,2012,7
78,42,371316,65 Alpine Pass,91,562,2000,11
79,48,230404,18536 Twin Pines Terrace,987,10,2000,7
80,87,548428,7384 Stephen Junction,53141,161,1990,29
81,79,852554,31 Crest Line Parkway,61,39,1999,13
82,49,273633,75170 Havey Alley,73,567,2011,21
83,52,394873,39076 Truax Plaza,83,156,2005,27
84,55,321501,425 Memorial Plaza,4185,758,1985,14
85,46,452639,07 Golden Leaf Place,6,236,2003,19
86,50,805356,67813 Menomonie Point,872,262,1992,9
87,59,934027,82 Dayton Road,01277,798,2008,16
88,52,532119,319 Mesta Terrace,116,583,1993,17
89,59,786566,20829 Main Court,74369,48,2007,29
90,75,360233,1 Dennis Avenue,197,129,2006,16
91,86,422634,71 Birchwood Crossing,83674,194,1995,23
92,72,734671,552 Kenwood Point,4,618,1996,20
93,50,478430,4 Surrey Center,74,960,2012,4
94,50,522157,236 Del Sol Place,9,35,2011,24
95,65,419763,9 Katie Lane,69807,128,2002,4
96,69,346049,6566 Independence Terrace,61838,791,1989,2
97,57,705966,2904 Old Gate Park,7,130,2010,8
98,62,671853,95550 Portage Alley,3,9,2006,16
99,100,898636,74 Banding Point,23,773,1995,15
100,76,876697,8 Union Road,2,953,1991,29
101,97,592432,660 Corben Point,6,765,2000,10
102,54,980542,3 Banding Street,95,107,2012,24
103,79,370220,76 Tennyson Crossing,41,878,1997,29
104,47,699220,534 Mifflin Way,0,202,1995,12
105,95,668400,8 Riverside Alley,5,11,2003,8
106,53,786842,2 Green Lane,0,53,2001,25
107,75,350528,58 Farwell Junction,28437,465,1985,20
108,60,675608,445 Tomscot Court,0696,195,1995,2
109,69,796418,776 Londonderry Road,6794,371,1962,9
110,55,443770,0514 Merry Center,8,937,1992,19
111,52,437580,90 Golf Pass,0,890,1998,11
112,67,431511,5 Goodland Circle,227,391,2004,21
113,87,304275,5 Goodland Pass,4583,946,2010,22
114,87,789830,5 7th Avenue,78747,454,1989,4
115,77,256360,38 East Parkway,7701,281,1966,11
116,99,676590,125 Maple Wood Pass,4,310,1989,30
117,73,916429,66 Memorial Drive,6,674,2003,1
118,42,409966,270 Dayton Alley,45,747,2010,24
119,85,987046,63017 Moland Plaza,03,338,2001,11
120,50,327339,5 Old Gate Parkway,09,182,1986,10
121,58,215218,788 Mariners Cove Center,1747,665,1998,17
122,92,816935,2690 Alpine Center,8166,347,2007,12
123,75,539275,66 Bayside Place,40,203,2000,19
124,47,273037,72995 American Pass,900,854,1986,12
125,92,300690,9053 Dorton Point,681,660,1989,22
126,60,501171,4231 Ronald Regan Circle,73936,601,1996,19
127,48,888727,408 Browning Junction,164,846,1996,30
128,84,362097,549 Main Street,47293,709,2008,28
129,85,766397,2874 Arkansas Court,5891,803,2002,14
130,60,853797,7876 Pond Crossing,4573,667,2004,21
131,59,553046,293 Fremont Trail,18071,913,2006,2
132,58,974085,455 International Lane,492,47,2002,4
133,52,720831,4535 Towne Lane,7889,593,1994,24
134,53,291969,72 Eggendart Plaza,0,975,2012,25
135,98,833838,93002 Dexter Court,72,782,2011,25
136,40,878800,26 Di Loreto Junction,1,609,2012,8
137,69,550297,44 Jana Street,69,455,1989,13
138,43,809512,17 Eastlawn Road,13104,248,1995,16
139,49,466465,7 Cody Point,8312,359,1993,25
140,87,215652,4 Dexter Court,402,523,1966,23
141,50,747306,4736 Helena Point,108,205,2002,9
142,77,250587,87 Meadow Valley Junction,5039,698,2004,5
143,51,350702,98 Bultman Lane,44849,915,1990,28
144,95,935886,3 Springview Place,16153,171,2001,20
145,93,336150,47 Cambridge Junction,5287,394,1994,25
146,93,405013,93 Menomonie Center,6636,482,2012,6
147,82,940273,85 Lillian Center,978,432,1999,27
148,97,548897,378 Jana Plaza,97,104,1993,8
149,76,836762,4 Katie Court,6,641,1989,18
150,68,436885,0984 Dixon Hill,4333,729,1994,23
151,85,734064,39047 Ridgeway Street,8184,813,1996,4
152,80,916737,437 Porter Pass,944,812,1993,24
153,40,701052,298 Union Alley,41548,827,2004,22
154,94,465369,77 Amoth Place,7,480,1996,29
155,52,566209,2871 Nova Avenue,9,286,2008,8
156,94,513640,44 Garrison Point,77744,478,2001,2
157,94,594110,61 Rowland Terrace,763,635,1993,8
158,40,799582,1 Park Meadow Center,10,916,2000,23
159,97,935884,58974 Vermont Court,16,632,2005,9
160,85,807770,41 Beilfuss Park,9,277,2009,22
161,58,852753,601 Bluestem Court,0730,826,1965,28
162,69,262596,4033 Independence Trail,8483,210,2005,25
163,93,622067,349 Buena Vista Plaza,9336,238,2006,23
164,100,494511,21300 Golf View Terrace,3,901,2006,29
165,63,739898,991 Longview Way,3,921,2000,1
166,100,356960,4 Shasta Court,5,279,2007,19
167,46,287365,39249 Sundown Hill,7858,145,2010,20
168,73,318841,91 Lakeland Alley,6909,661,2011,20
169,97,523540,96 Farmco Drive,2172,525,1977,27
170,71,279889,58 Marquette Crossing,5,337,2010,19
171,66,414323,4911 Waywood Street,4,764,2009,13
172,82,988559,52654 Graceland Circle,920,283,1987,27
173,46,683685,436 3rd Plaza,1606,535,2001,2
174,79,690859,035 Cascade Parkway,258,463,2010,13
175,85,917856,161 Buell Avenue,90848,532,1992,27
176,55,308342,6 Elmside Pass,06,654,2004,11
177,94,268520,8 Graceland Point,781,895,1995,12
178,75,616755,206 Macpherson Alley,96943,604,1984,1
179,95,954923,30721 Algoma Pass,01849,839,1998,2
180,45,600221,9 Village Point,38,602,2003,28
181,65,663225,0 Forest Run Avenue,35,541,2003,19
182,65,372240,54956 Thackeray Terrace,25,420,2003,22
183,73,492553,3 Thierer Pass,93257,536,2013,24
184,47,563694,343 American Ash Junction,4,619,2008,17
185,52,289906,1 Anzinger Pass,8681,580,1999,16
186,81,827856,2 Forster Alley,18,873,2002,10
187,94,343956,2817 Di Loreto Hill,3,517,1995,3
188,74,531631,771 La Follette Lane,3445,800,1992,8
189,48,458842,7 Fremont Drive,0954,656,2007,18
190,76,284294,1456 Macpherson Alley,3,980,1988,25
191,89,303304,08143 Transport Street,3718,256,1999,26
192,43,436771,04 Jenifer Pass,8930,832,1974,3
193,88,850987,74 Reinke Road,43590,30,2006,5
194,80,804779,1 Mifflin Trail,64,20,1993,2
195,75,984632,6878 3rd Park,567,875,2002,1
196,63,399652,2307 Steensland Pass,91223,133,2002,4
197,50,643865,70466 Moose Terrace,3,509,1997,15
198,60,505976,1798 Mandrake Trail,1,458,1999,29
199,42,670506,85720 Straubel Court,720,616,1986,1
200,97,351012,888 Esch Court,920,689,2000,30
201,77,224747,356 Rowland Junction,91,896,1999,27
202,46,215569,465 Vermont Point,865,861,2011,6
203,53,941726,73355 Kennedy Park,8,375,2004,28
204,97,522112,49 Westend Way,8217,157,2009,25
205,76,606045,57534 Pierstorff Center,36341,481,1986,6
206,43,872100,94919 Main Terrace,3,266,1987,7
207,44,389668,5 Scoville Avenue,36,106,2003,9
208,95,596675,4274 Lakewood Park,913,333,1992,3
209,72,360970,704 Shelley Pass,55410,422,2009,7
210,100,294775,81233 8th Circle,597,229,1991,21
211,61,266707,9 Waubesa Hill,348,102,1999,1
212,98,973401,1079 Vermont Trail,5642,690,1997,18
213,69,433169,0671 Fulton Point,31110,587,1974,6
214,99,865826,024 Muir Park,7286,594,1996,19
215,47,759193,4909 Hintze Plaza,1,414,2001,1
216,95,329931,49 Surrey Road,2,705,2011,27
217,86,435386,608 Eastwood Alley,2799,722,1992,12
218,72,442732,5844 Onsgard Pass,291,745,1993,12
219,52,683850,3838 Ludington Court,8488,164,1985,5
220,45,604019,150 Nobel Center,0,70,2009,7
221,85,521170,225 Hintze Parkway,12,530,1996,3
222,56,705748,34 Merchant Plaza,3470,354,1993,9
223,100,540841,258 Russell Circle,83340,34,2000,30
224,43,247490,3551 Division Trail,09624,725,1997,29
225,82,328289,7 Laurel Plaza,98074,862,2013,6
226,50,708705,3612 Stang Hill,44491,75,2011,19
227,76,368782,4 Ridge Oak Drive,0170,417,1999,3
228,57,710169,29490 Maple Hill,30183,617,2011,13
229,64,523686,86403 Kim Junction,0068,872,1997,8
230,63,464709,92240 Blackbird Road,37801,16,1990,24
231,42,248285,5 Monument Street,0,33,2004,5
232,87,926050,01 Carey Place,88,522,2002,28
233,41,790542,5465 Clemons Drive,825,443,1999,9
234,77,819252,7 Sundown Junction,440,733,1981,26
235,95,656448,249 Cody Circle,2632,850,1992,8
236,82,976739,6548 Havey Pass,1625,187,2012,19
237,64,243470,426 Ridgeview Point,75,555,2001,24
238,58,816406,5 Crescent Oaks Hill,85,989,2004,5
239,64,274183,609 Ronald Regan Plaza,42,429,1995,28
240,44,853145,7 Westridge Drive,7977,193,1998,15
241,74,814663,44782 Red Cloud Alley,95,50,2004,30
242,90,845892,50589 Stephen Road,9530,223,2000,2
243,57,822931,0 Lake View Trail,5562,755,1997,19
244,71,708157,4382 Dakota Terrace,5,109,1996,13
245,60,659911,16238 Hollow Ridge Park,1031,76,1988,3
246,42,917038,953 Hansons Junction,0013,676,2006,24
247,100,871880,59 Erie Place,700,607,2005,4
248,85,371245,186 Loeprich Circle,04,365,2010,11
249,65,774359,27 Welch Road,5,865,2012,11
250,86,922151,18 Weeping Birch Plaza,46536,293,2012,1
251,73,723839,6 Center Street,074,506,2005,6
252,75,373286,917 Carioca Place,01,622,2005,16
253,74,593455,015 Buena Vista Lane,0,651,2009,7
254,75,216034,57 Lawn Center,52697,373,2010,21
255,40,791753,087 Prairieview Terrace,305,307,1989,27
256,47,823709,9 Starling Parkway,3,584,2010,22
257,64,291621,0 Monica Avenue,7125,840,2010,26
258,83,377615,17616 Trailsway Alley,16,847,1977,14
259,86,309830,242 Maywood Avenue,657,762,1997,19
260,49,955603,93860 Eastwood Way,570,927,2004,16
261,98,880333,1 Darwin Avenue,63661,270,1985,13
262,85,385861,95 Beilfuss Plaza,01980,668,1987,19
263,76,723135,92 Sycamore Place,2,214,2012,28
264,73,339538,24 Gulseth Circle,9,553,2000,1
265,97,417820,0783 Eagan Center,54029,406,2008,21
266,79,347949,1 Kensington Point,03,548,1998,13
267,84,397809,09 Lotheville Lane,20101,693,1992,21
268,50,258298,36725 Basil Terrace,57,545,2002,30
269,70,359520,15 Melby Trail,806,564,1993,26
270,70,658731,1414 Oakridge Center,1809,900,1995,3
271,42,352068,1 Northfield Court,6679,119,1998,26
272,83,891777,21065 South Pass,02706,842,2012,16
273,62,802619,7 Kim Terrace,94943,118,1999,17
274,81,634119,4258 Eastwood Point,4871,599,2012,17
275,93,512310,49837 Macpherson Place,40,131,1994,14
276,47,526698,12 Redwing Lane,4130,212,2012,9
277,75,227680,33350 Pleasure Street,468,932,1985,18
278,80,336420,418 Sunfield Junction,061,132,1984,25
279,97,276722,5 Lakewood Gardens Trail,88424,190,2010,5
280,95,422304,978 Loeprich Hill,4093,963,1991,30
281,92,317266,420 Bobwhite Place,521,325,1990,1
282,48,869460,9 Vera Terrace,16304,614,1993,22
283,68,757234,3 Armistice Center,04,757,2000,15
284,59,711550,712 Pleasure Junction,851,829,1993,14
285,62,720375,63116 Hanover Terrace,03,339,2002,29
286,100,743414,68742 Carioca Drive,409,52,1994,3
287,97,905408,1540 Hooker Court,63,717,2007,6
288,44,270176,919 Lakeland Point,39,424,1999,4
289,88,305041,49 High Crossing Pass,25729,475,1995,29
290,60,871062,64 Hoffman Trail,73948,61,2003,19
291,55,573000,0849 Lawn Way,0,224,1983,28
292,40,784157,49 Lindbergh Place,940,880,1994,6
293,78,386979,7121 Katie Plaza,851,732,1996,5
294,83,529725,4 Oak Valley Crossing,66528,402,2012,25
295,54,350455,59804 Forest Street,14617,750,2012,3
296,85,290911,2 Heath Plaza,67271,100,1986,20
297,48,817064,4957 Sullivan Circle,2729,821,1999,2
298,74,737099,934 Mallard Place,5,476,2000,9
299,67,972693,05 Almo Court,2396,720,2013,20
300,80,919407,6 Petterle Center,060,276,1998,28
301,70,845495,2571 Magdeline Circle,0,142,2007,1
302,63,888125,809 Hermina Place,2,928,2011,27
303,88,803883,9 Truax Alley,6016,45,1991,5
304,55,348908,1749 Rigney Hill,575,291,1993,20
305,84,559919,29 Mallard Lane,02,781,1999,6
306,69,770341,4 Spenser Circle,5,519,2003,30
307,69,665900,168 Towne Trail,72953,93,2006,17
308,77,976351,5 Cardinal Way,8,521,1987,16
309,61,991797,7886 Goodland Plaza,5,884,2010,17
310,58,950470,6801 Westport Lane,6,486,1978,19
311,80,259470,3601 Butternut Trail,11985,986,2011,4
312,51,418403,92 Ronald Regan Road,74791,208,2002,27
313,50,560342,45819 Derek Parkway,2461,976,2008,11
314,91,442550,97581 Butternut Avenue,74651,438,1993,22
315,40,920832,65984 Fairfield Park,42,786,2013,23
316,80,380198,87 Daystar Circle,1,174,1995,11
317,48,432557,4509 Northport Pass,582,990,1993,6
318,87,737123,00 Veith Place,351,961,1998,18
319,40,728406,348 7th Alley,61,716,1995,26
320,50,438289,5153 Merchant Trail,124,398,1992,11
321,53,205958,975 Sunbrook Street,69551,703,1999,26
322,97,990403,229 Bunting Court,96,751,2001,10
323,84,780820,4639 Lakewood Road,95611,191,2009,25
324,91,801879,13 Tony Trail,80223,169,1957,21
325,79,420361,13757 Fisk Hill,5495,485,1993,4
326,76,343734,55 Towne Hill,1060,423,2008,12
327,64,279104,09 Anniversary Junction,43,448,2004,14
328,99,804142,002 Scott Lane,2,314,2007,30
329,79,517004,487 Luster Place,13,882,1995,20
330,73,329209,1 International Drive,3,328,1986,9
331,69,411557,9254 Chinook Trail,63706,96,2003,22
332,73,359309,4 Dunning Street,074,275,1967,18
333,54,442868,1 Straubel Point,10,428,2009,30
334,98,568942,6402 Village Green Avenue,52,221,2008,1
335,92,889420,2752 Jay Plaza,0,491,1998,6
336,73,508464,29 Golf Course Court,824,259,2011,24
337,54,520241,3115 Farwell Trail,214,634,2003,21
338,100,312155,8 Ridgeway Hill,48528,771,1994,27
339,80,383204,76369 Buena Vista Trail,34,714,1998,1
340,50,256657,48 Del Sol Court,7,117,2009,6
341,94,740384,23 Eagan Junction,93952,954,1994,1
342,73,251922,52826 Graceland Alley,31577,811,2007,9
343,92,620955,8165 Petterle Center,310,959,1990,8
344,71,563054,380 Pawling Crossing,6,14,1987,19
345,44,880432,1 Maywood Place,53044,510,1996,23
346,50,213283,77506 Sommers Crossing,34,851,1980,6
347,65,715649,237 Mallard Park,273,215,2010,29
348,77,518689,678 Muir Way,08363,666,1994,12
349,94,476884,9 Eastwood Parkway,74,597,2005,6
350,86,444592,05 Mccormick Parkway,6,940,2005,2
351,99,840084,03 Arkansas Trail,99910,162,2010,22
352,49,378332,85422 Lakewood Gardens Junction,2,648,2012,12
353,40,638760,64 Westend Avenue,9,327,1992,22
354,100,732747,6938 Goodland Court,8,213,2003,25
355,61,215154,38 Nancy Place,69,730,1981,7
356,55,642993,6362 Hudson Park,19,83,1996,16
357,84,944404,4890 Autumn Leaf Park,359,407,1996,12
358,47,837494,95954 Eagan Drive,4135,198,2001,17
359,49,373720,95 Moulton Plaza,7,985,1992,1
360,46,430605,40 Gina Trail,3,726,2008,11
361,66,760823,385 Ilene Avenue,639,363,1994,28
362,45,429887,8963 Service Terrace,0,471,2005,8
363,70,500357,6322 Village Green Parkway,60619,892,2000,17
364,98,711408,6 Sunnyside Way,9,926,1999,9
365,95,921901,2873 Warner Avenue,52328,163,1985,23
366,64,309568,471 Forest Circle,6,376,2012,29
367,86,901303,82 Cordelia Place,8,342,1997,25
368,64,386202,341 Gateway Circle,70,126,2011,18
369,43,218644,137 Transport Pass,4299,433,1987,8
370,79,659455,129 La Follette Parkway,936,767,2003,20
371,56,402528,0275 Kings Pass,65,982,2005,15
372,76,540446,05 Northport Place,8,25,2006,12
373,40,473725,05 Reindahl Hill,14,711,1997,7
374,98,490185,47 Prentice Lane,7,452,2005,15
375,73,454101,902 Holmberg Parkway,4906,60,2003,27
376,84,872748,1 Sunfield Court,8997,808,1996,24
377,87,605538,4 Clyde Gallagher Avenue,061,158,2011,23
378,72,885982,545 Spaight Circle,900,795,2001,23
379,57,384769,145 Loeprich Terrace,65442,110,2009,7
380,91,329584,29 Continental Place,12,526,1998,23
381,98,569435,18 Dovetail Trail,04148,824,1993,8
382,100,478317,827 Oakridge Place,05,748,1993,10
383,66,759613,108 Esker Parkway,2710,512,2009,1
384,48,715344,38 Norway Maple Place,5381,298,1988,26
385,50,292376,5 Ridgeway Lane,2463,899,1989,26
386,56,230625,3 Fordem Park,349,615,2000,26
387,80,242498,73 Ridgeway Point,818,620,2012,29
388,76,257506,45900 Bashford Hill,13594,684,1998,7
389,83,859232,68 Randy Plaza,68,217,1991,2
390,54,814823,97 Lerdahl Place,23,3,2007,21
391,40,944938,6611 Huxley Avenue,03220,2,1984,2
392,71,878284,52 Stang Circle,31276,177,1984,22
393,87,240028,949 Northport Point,139,405,1995,12
394,56,481523,34582 Lakeland Alley,75031,822,2013,5
395,91,438443,954 Sommers Hill,56,508,2011,1
396,72,741580,3216 Dakota Road,4126,527,2000,18
397,40,603682,41995 Commercial Avenue,3895,251,2011,24
398,78,684939,76 Sage Court,7,415,2010,11
399,46,812274,9 Donald Trail,3,501,2004,26
400,67,228744,11 Glendale Circle,93020,305,2006,29
401,69,462851,0615 Jana Junction,702,287,1985,22
402,58,948025,6 New Castle Court,8,189,1998,27
403,56,229801,01621 Novick Court,0999,63,2012,30
404,90,665472,373 Milwaukee Center,52778,449,2009,14
405,57,362842,2459 Karstens Point,03,252,1995,28
406,71,352065,0 Erie Pass,981,646,2000,17
407,82,297139,74308 Gerald Avenue,174,601,1993,14
408,91,361293,52751 Maple Trail,42,498,2002,18
409,85,806939,0 Stone Corner Avenue,5,282,2002,9
410,76,202413,34 Dixon Junction,894,817,1993,25
411,52,898561,746 Esker Circle,0790,881,2012,1
412,85,276910,9789 Grasskamp Drive,7853,872,1993,22
413,47,790763,352 Knutson Crossing,62737,724,2007,27
414,69,246543,609 Lien Trail,5975,325,2002,4
415,47,794856,75040 Anderson Point,04558,396,2006,21
416,95,802483,36 Forest Park,92831,86,2007,8
417,77,958354,8 Dayton Street,68169,700,2000,22
418,60,374639,106 Iowa Alley,3889,856,2009,8
419,72,273142,1400 Nelson Circle,552,994,1966,23
420,71,441122,311 Russell Parkway,84,569,2002,1
421,68,326658,6779 Aberg Junction,894,311,2003,18
422,72,534173,19 Ronald Regan Parkway,5,399,2012,23
423,66,835357,44 Fisk Alley,4,99,2009,4
424,86,476635,441 Warrior Road,1,97,2012,20
425,55,628465,110 Algoma Center,05546,777,2011,21
426,82,318162,05 Marquette Lane,4229,612,2005,6
427,87,538099,1119 Sullivan Street,3128,345,2007,26
428,72,364858,1 Vernon Road,39,77,2007,6
429,97,375546,5526 Graedel Avenue,75,64,1995,14
430,52,451996,17 Ryan Crossing,385,381,1987,9
431,78,927085,63402 Golf Course Park,851,517,2006,25
432,43,371918,7717 East Avenue,50156,554,1998,28
433,46,527990,6 Butterfield Point,08,790,1979,4
434,80,216124,7 2nd Trail,31657,215,1995,7
435,61,637403,0 Stang Junction,8449,52,1995,22
436,47,225890,66671 Michigan Terrace,64784,457,2004,21
437,53,912522,32409 Monica Parkway,650,944,1985,25
438,86,276679,67390 Golf Course Pass,55,779,1993,1
439,61,962455,63 Gerald Way,892,559,2000,14
440,94,846842,114 Eagle Crest Court,7298,153,2011,5
441,54,793008,31 Arapahoe Alley,8,478,1992,2
442,57,727503,8 Sundown Center,2,98,2000,29
443,71,826182,065 Schiller Hill,5691,623,2003,27
444,70,550244,724 Surrey Center,25,577,1993,13
445,44,465535,88 Hoepker Road,1,655,2011,13
446,49,836213,892 8th Lane,58388,743,1992,21
447,86,937042,716 Tony Park,757,821,2009,20
448,82,251324,81859 Eggendart Point,6,305,2012,9
449,42,939847,6 Clemons Center,17,723,1998,10
450,44,557029,6110 Melrose Court,51,14,2007,16
451,54,985557,400 Talisman Avenue,0451,208,2007,24
452,52,272956,7817 Reindahl Trail,1956,78,1985,7
453,80,554428,18774 Sachtjen Avenue,289,182,2009,11
454,63,751489,20085 Corry Court,520,970,2008,11
455,62,474726,5 Lotheville Hill,5,299,1994,4
456,77,736292,07834 Aberg Crossing,430,375,2001,14
457,43,899665,3 Kenwood Parkway,105,720,2008,26
458,86,945874,69414 Pine View Street,958,550,2010,27
459,94,436842,55 Susan Circle,974,836,1996,2
460,47,223044,060 Vermont Park,72,710,2010,15
461,95,760695,6 Westport Avenue,14,754,1994,22
462,40,850860,3872 Cardinal Place,5678,727,2011,2
463,72,736674,17550 Hoffman Alley,22,93,1994,2
464,76,498927,8 Schlimgen Hill,56285,238,1986,25
465,49,387047,50 David Street,595,9,2005,22
466,68,756170,0 Daystar Place,2,42,1995,15
467,64,949055,292 Thackeray Plaza,4221,135,2004,28
468,59,268861,0034 Anderson Avenue,0301,17,2008,26
469,99,441241,579 Mesta Park,69722,333,1992,25
470,89,682198,483 Village Green Street,653,866,2008,20
471,67,626806,848 Ilene Circle,64,892,2012,17
472,88,752593,583 Bonner Circle,78864,535,1992,29
473,54,205698,15 Sloan Hill,99100,492,2011,17
474,81,877190,27 Troy Parkway,9,811,2003,8
475,50,759424,732 Annamark Alley,04,410,2002,13
476,91,583096,30 Sugar Circle,91541,247,2012,26
477,59,254698,5 Northfield Court,69276,574,2010,17
478,89,248984,016 Clarendon Road,640,830,2006,10
479,53,777032,0 Bellgrove Road,86,497,2004,25
480,75,627523,8 Springs Way,3,619,1992,10
481,70,633526,757 Texas Junction,65,270,1985,23
482,62,511097,70 Mendota Point,2,137,1997,18
483,44,741095,201 Ilene Center,1,10,2001,27
484,46,602119,7 Fairview Trail,99,615,1991,25
485,81,694817,11786 Bowman Avenue,17,795,2005,10
486,100,391410,5612 Onsgard Lane,4689,617,2005,20
487,76,818584,8 Valley Edge Place,8,824,2002,20
488,42,900589,5 Crownhardt Park,41,380,1998,28
489,53,425517,42 Manitowish Terrace,0,740,1976,10
490,76,664714,4081 Lakeland Lane,4236,908,2013,22
491,65,328908,5768 Schlimgen Park,34,5,1995,6
492,78,274109,6 Morningstar Crossing,2,899,1994,21
493,84,388265,7974 Golf View Alley,07,977,2000,23
494,65,377771,08236 Hallows Junction,6359,442,2012,12
495,84,941581,837 Shelley Court,936,998,2004,5
496,53,690761,89012 Waywood Junction,8,906,2004,3
497,58,263649,7 Jay Court,0,963,1991,6
498,86,236961,5316 Parkside Crossing,96453,164,1994,24
499,88,773546,58528 Stephen Center,6063,661,2012,8
500,40,888390,5259 Columbus Avenue,6033,667,2008,2
501,96,340158,991 Scoville Pass,335,45,1994,25
502,69,774888,11403 Sachs Lane,83749,320,2006,27
503,81,313828,729 Bonner Hill,4,849,2000,21
504,58,825591,2486 Texas Pass,9913,251,2008,18
505,94,887061,8010 Lerdahl Court,5940,236,1993,23
506,72,318831,979 Main Place,324,839,1986,23
507,95,847243,982 Gateway Way,8679,322,1994,7
508,78,903276,6868 Forster Drive,422,694,2006,8
509,79,437831,7 Westport Drive,14,232,2004,29
510,73,532800,3 Summerview Lane,76246,199,2005,13
511,54,682974,1 Havey Pass,5762,545,1994,9
512,42,336425,09367 Welch Road,420,4,2003,21
513,71,986988,0 Browning Junction,0089,223,1999,12
514,66,623953,57 Lakeland Road,4068,440,1998,29
515,55,900884,617 3rd Park,74,94,2004,11
516,64,349555,43 Tennyson Street,7,121,1996,23
517,77,908378,83980 Lillian Way,07944,880,1988,10
518,65,793921,622 Brickson Park Plaza,3,480,2011,27
519,79,773975,099 2nd Junction,85,100,1996,18
520,82,505368,2 Utah Parkway,1,317,2008,8
521,88,629687,41 Morningstar Avenue,9893,170,2008,26
522,54,539212,691 Bowman Avenue,8850,411,1988,25
523,59,241166,38 Surrey Pass,29508,557,1989,29
524,62,560451,1 Waywood Park,65923,648,1993,27
525,99,868375,70746 Bluestem Parkway,290,597,2001,10
526,92,802206,4861 Thompson Center,6864,455,1992,21
527,99,835512,3 Golden Leaf Parkway,1710,939,2001,15
528,62,978744,921 Butterfield Alley,44,845,2008,9
529,83,861390,9568 Redwing Avenue,21,802,1993,19
530,69,301930,38738 Tomscot Avenue,0,57,1995,20
531,45,857455,139 Farwell Hill,634,909,1985,20
532,93,908345,119 Texas Hill,7818,697,2000,25
533,72,567525,62 Holmberg Point,221,513,2000,11
534,59,263979,6 Johnson Way,8981,695,1986,6
535,89,867182,2 Knutson Trail,1785,656,2007,5
536,43,489552,0 Dovetail Court,49,858,2007,12
537,49,306134,6 Lakewood Pass,13235,774,1994,9
538,92,234532,98 Monterey Avenue,3,212,1998,8
539,87,406860,69 Springview Trail,166,563,1991,21
540,48,668425,5 Spaight Center,36174,204,2011,7
541,49,844447,8799 Anthes Circle,4,519,1994,5
542,63,346079,1241 Old Shore Center,49224,205,1994,26
543,93,513443,245 Reindahl Way,4,745,1992,24
544,71,548450,22 Milwaukee Road,5876,552,1984,12
545,60,962036,1 Ilene Street,8433,636,2008,5
546,52,848557,502 Hoffman Park,0597,613,2004,18
547,95,373825,0464 Jenifer Way,9143,79,2008,5
548,82,260211,251 Commercial Way,717,21,2005,3
549,89,416821,67799 Emmet Crossing,9591,594,2001,14
550,90,991086,990 Del Mar Court,50,211,1994,20
551,91,818593,9 4th Circle,82,635,2007,24
552,92,458438,61557 Mcbride Alley,6158,878,1992,25
553,46,595191,35745 Shelley Avenue,4373,431,2004,23
554,56,774157,6 Commercial Road,8,943,1983,2
555,45,738952,12502 Lerdahl Place,3913,490,1995,30
556,63,355922,82715 Grover Point,37,763,2009,10
557,78,985667,808 Anderson Court,15409,657,1997,10
558,68,301557,7 Mcguire Parkway,9,864,1991,5
559,60,813496,48767 Mitchell Alley,04730,222,2006,20
560,71,803012,29 Swallow Circle,177,122,1996,19
561,76,575469,004 Miller Hill,36,954,2009,3
562,67,704826,5 Oriole Plaza,954,588,1992,19
563,78,715477,68 Division Way,3,421,1995,25
564,70,929582,1116 Hintze Hill,2903,74,2009,26
565,80,874773,3288 Randy Circle,84387,920,2010,7
566,45,404504,072 1st Point,0,809,2005,26
567,59,275565,6 Crownhardt Way,343,985,2010,15
568,77,345203,73 Merry Park,9,679,2007,27
569,58,728750,959 Stoughton Court,882,268,1999,7
570,53,482925,23 Memorial Lane,6,143,2011,3
571,98,729642,55201 Northridge Plaza,3793,291,1993,5
572,95,290171,31 Bashford Drive,11256,756,2006,21
573,92,368194,0 Prairieview Way,41,508,2009,16
574,75,951021,7158 Sunfield Place,018,201,2009,25
575,76,477210,61201 Kedzie Point,53265,759,2007,22
576,74,419332,7469 Lyons Pass,09,198,1985,19
577,44,474676,3059 Mosinee Lane,98226,368,2008,15
578,40,588726,63812 Dryden Street,423,669,1997,9
579,87,570830,90486 Tomscot Center,18195,927,2011,5
580,43,630308,6 Riverside Plaza,87,123,1991,20
581,58,777416,406 Eagle Crest Lane,83,29,1993,3
582,67,478122,22 Butterfield Place,44283,560,2007,23
583,92,206818,5 Forest Center,3,179,2008,8
584,95,313289,4370 Mccormick Center,025,586,2008,16
585,79,329058,5 Meadow Ridge Place,71,571,2007,16
586,88,631539,73 Ohio Lane,72,822,2003,12
587,63,757630,1 Tennessee Court,885,614,2007,9
588,76,209075,7354 Meadow Ridge Parkway,3,787,2003,9
589,51,423174,66 Merchant Alley,6,329,1995,22
590,54,250645,96094 5th Place,59,649,2011,10
591,55,924312,9 Scott Avenue,506,76,2007,11
592,80,238948,55 Westridge Hill,6368,231,2011,12
593,43,303130,24 Sage Street,07,438,1993,21
594,49,992512,133 Dwight Terrace,48603,114,2005,15
595,91,397641,35 Kropf Hill,5571,863,2001,10
596,48,509638,778 Rieder Point,265,144,2002,29
597,81,861346,90 Maple Wood Avenue,0563,386,2009,10
598,97,749209,50977 Ramsey Alley,5661,23,2011,4
599,54,491150,0342 Hansons Street,49188,468,2004,29
600,57,694522,925 Tennessee Court,418,405,1985,6
601,42,433672,85 Hayes Place,59656,310,1991,16
602,63,581175,54669 Westerfield Street,381,931,2007,5
603,74,377952,0940 Sunfield Pass,5935,191,2002,27
604,77,468030,0478 Pine View Drive,28,172,2007,7
605,65,778730,36 Anthes Center,7,472,2008,29
606,74,304292,3 Pleasure Court,061,919,2000,6
607,74,602183,0990 Carberry Way,8,942,2010,5
608,51,629941,062 Ronald Regan Trail,48,62,2002,29
609,42,911567,8490 Spenser Center,45,330,2000,29
610,53,525941,80888 Southridge Pass,89,981,2007,2
611,64,609886,695 Marcy Point,29,392,2007,18
612,88,637727,4027 Farwell Parkway,76580,19,1987,19
613,41,827596,708 Coleman Trail,61,653,2009,28
614,94,782136,39 Comanche Circle,45505,567,2006,5
615,74,770275,17882 Hanover Park,8,775,1995,30
616,40,552828,6710 Tennessee Park,282,768,1995,22
617,84,345271,73 Redwing Junction,78434,11,2002,17
618,63,398138,429 Arizona Place,56404,889,1993,13
619,47,349243,43988 Annamark Pass,65464,53,2008,23
620,56,792769,32692 Lunder Way,74313,55,1991,8
621,61,878858,923 7th Plaza,24,394,2012,23
622,62,655004,2 Coolidge Parkway,295,369,2008,25
623,55,786711,491 East Crossing,8,769,2000,4
624,85,866399,804 Anhalt Center,572,44,1997,23
625,95,958676,0338 Goodland Street,86732,888,2006,6
626,77,800743,26 South Pass,804,659,1998,9
627,97,900050,780 Golf Course Circle,647,857,1989,29
628,71,305762,41643 Mallory Point,66,739,2007,20
629,90,843193,4708 Northport Trail,11,150,2012,17
630,47,921468,395 Monterey Street,8292,575,2000,3
631,94,416542,961 Forest Lane,71108,988,2012,15
632,59,810716,46503 High Crossing Court,5,644,2002,14
633,56,684231,56330 Packers Way,8,378,1997,6
634,66,899170,11114 Mallard Center,2,467,1988,16
635,73,232970,0 Granby Court,5,726,2008,1
636,52,776973,5774 Hanson Place,40,189,2002,13
637,74,810896,36162 Fuller Circle,34,163,2009,14
638,48,502860,03622 Miller Drive,0144,709,2012,10
639,83,485473,1 Jana Junction,2,352,1994,15
640,98,217267,42455 Gateway Junction,150,917,2010,26
641,69,908160,392 Welch Road,3,460,2011,27
642,51,252893,8 Grayhawk Junction,86,360,2003,16
643,75,650212,325 Main Point,3877,391,1994,22
644,71,772103,146 Prairieview Avenue,38724,539,1999,24
645,49,823639,2287 Grim Pass,0286,85,1993,28
646,58,761047,36379 Sachtjen Road,53,119,2012,15
647,79,701762,56012 Del Sol Place,5450,791,1996,27
648,54,237404,6061 Burrows Avenue,8034,838,1993,21
649,41,553345,38 Gerald Circle,960,312,2010,30
650,45,523825,09951 International Crossing,41,365,1984,23
651,86,838221,9807 Fuller Crossing,277,128,1996,7
652,66,202214,983 Ramsey Way,1,806,1997,2
653,53,895522,30248 Kings Alley,05071,109,2001,18
654,80,725590,961 Chive Point,51170,340,1996,13
655,99,989643,4897 Spaight Drive,51314,901,2000,12
656,45,221827,84392 Jenifer Alley,64,242,1995,12
657,90,425237,1880 Calypso Circle,734,374,2008,27
658,92,428465,57365 Goodland Alley,2344,220,1967,23
659,64,318248,6 Stephen Center,57,995,2005,20
660,97,729021,15 Hoard Drive,163,789,1999,7
661,43,840667,45 Jackson Trail,14502,359,1994,16
662,46,295497,45546 Autumn Leaf Park,97,877,1993,14
663,57,569052,29094 Schmedeman Street,49446,80,2007,20
664,71,653704,12613 Dayton Place,828,324,2001,29
665,88,855335,69447 Cambridge Alley,603,770,1996,4
666,74,388161,5 Nobel Park,14879,506,1992,22
667,68,222838,78479 Ruskin Court,4743,662,1997,29
668,94,247273,7 Grim Pass,1820,841,2007,16
669,59,819603,112 Washington Trail,2971,353,2004,9
670,75,906421,4867 Sachtjen Place,81338,286,2011,30
671,68,989684,28939 Crownhardt Hill,99,412,2008,4
672,86,601817,757 Coleman Plaza,754,111,2010,27
673,63,668159,7639 Bellgrove Point,6542,848,2002,7
674,97,390228,3 Melby Road,67,900,2011,3
675,97,586659,3984 Judy Terrace,160,6,2012,20
676,91,334002,06949 Dennis Avenue,6,262,2005,19
677,48,863829,809 Merry Terrace,030,630,1999,12
678,42,209678,60843 Sachs Avenue,2,758,1999,18
679,54,346054,67701 Bayside Crossing,259,600,2010,15
680,60,571164,4 Clyde Gallagher Center,4774,837,1987,17
681,87,836085,36 Hanson Lane,4615,244,1990,20
682,64,849191,9821 Kropf Point,6,309,2010,1
683,49,458567,34313 Birchwood Park,40,663,2006,18
684,59,446326,519 Huxley Avenue,3,488,2006,29
685,94,275043,66836 Moulton Lane,8004,718,1926,9
686,77,491381,486 Golf View Road,2,218,1999,5
687,87,275865,3492 Washington Street,07403,328,1995,23
688,61,296888,17536 Kensington Trail,2,486,1998,2
689,76,661516,6 Crowley Hill,7861,746,2000,8
690,52,502916,0 Melrose Center,558,266,2009,27
691,65,452132,85631 Pearson Terrace,5,237,1994,25
692,47,575066,1 Lakeland Point,159,265,2002,3
693,67,854730,49 Eastlawn Terrace,41814,494,1995,19
694,82,748687,894 Corry Circle,1271,683,1993,27
695,79,354537,23 Hanover Lane,579,846,2004,14
696,56,211650,72516 Sunnyside Park,7,583,2012,16
697,59,392805,42 Saint Paul Street,799,290,2012,25
698,72,284208,36192 Golden Leaf Park,51,314,2011,24
699,88,830106,5 Surrey Court,78,35,1993,20
700,71,956873,56 Buena Vista Trail,53,812,2001,30
701,85,730020,47664 Portage Terrace,16826,658,2002,21
702,61,653121,24 Green Ridge Crossing,3934,439,2010,10
703,81,844595,83 Birchwood Hill,43,393,1990,8
704,69,263817,2 Waywood Lane,66751,18,2000,5
705,53,582896,74 Crescent Oaks Court,69831,16,1999,15
706,48,348979,90551 Talisman Trail,6,194,1990,21
707,85,344860,5 Monica Plaza,797,344,2005,4
708,43,673165,7338 Hazelcrest Lane,262,633,2002,10
709,99,779438,05 Northridge Pass,00,887,2006,7
710,99,843934,548 Declaration Road,0573,355,1997,19
711,48,290802,48 Ramsey Parkway,4820,387,1991,23
712,44,699976,431 Ryan Road,15343,38,1990,21
713,78,702335,1084 Bluejay Hill,02,650,1995,18
714,83,736020,22726 Clyde Gallagher Circle,52829,620,1987,28
715,60,767504,4 Hooker Terrace,18,142,2002,16
716,54,675719,9 Melby Trail,8,973,2009,9
717,80,371876,13386 Golden Leaf Alley,2189,627,1989,2
718,97,404272,1119 1st Road,3,171,2001,8
719,89,370706,3949 Quincy Pass,85,426,2008,23
720,88,380028,67803 Linden Terrace,779,302,2003,13
721,55,387760,66455 Bunker Hill Lane,9538,485,1996,25
722,65,995008,31478 Everett Trail,1,350,2006,13
723,71,390838,012 Havey Crossing,2,816,2000,27
724,96,635922,752 Dunning Drive,954,503,2001,2
725,54,686703,39520 Hayes Avenue,19,88,1994,30
726,76,493947,0186 Holmberg Trail,7,512,2010,5
727,89,809635,1985 Forest Run Way,3,750,1990,15
728,57,830000,10197 Melvin Crossing,70,604,2001,13
729,93,637328,8182 Lakewood Gardens Road,317,258,1993,8
730,92,205545,416 Longview Parkway,142,501,1988,3
731,92,426948,3 Oakridge Way,57,929,2005,5
732,74,981256,43 Clyde Gallagher Hill,85,152,1986,19
733,62,457364,5 Red Cloud Trail,99,753,1994,12
734,94,335254,561 Bayside Drive,8,459,2009,11
735,89,995635,4 Summerview Way,0,435,2011,26
736,53,354960,26783 Orin Junction,30,781,2000,30
737,66,340071,7148 Utah Court,420,300,1993,15
738,65,902322,48790 Monica Pass,721,752,1997,11
739,96,697093,87 Kennedy Center,51,825,1998,8
740,47,916003,07 Meadow Valley Alley,2413,941,2010,29
741,77,234800,3 Melby Alley,317,450,1994,3
742,52,479810,64 Oriole Point,5688,895,1995,15
743,74,825163,370 Twin Pines Place,22,26,1992,27
744,77,851105,254 Meadow Vale Hill,7313,241,1992,4
745,72,215798,64 Fuller Center,0,532,2003,27
746,99,430710,7994 Butternut Junction,4,686,1988,18
747,42,283485,1602 Schmedeman Crossing,65,956,2012,4
748,73,922464,912 Arizona Lane,72,323,2009,30
749,56,898440,36000 Hudson Alley,656,95,1985,7
750,56,270939,88283 Havey Alley,23604,646,1999,1
751,67,746765,88713 Susan Crossing,68628,273,2004,19
752,82,681920,01769 Lawn Center,2,884,2003,2
753,68,270826,0206 Dunning Park,81,188,1999,9
754,43,961364,107 Susan Street,0,955,1986,12
755,63,580765,9628 Kipling Park,01,500,2012,13
756,78,961967,7303 Raven Way,897,744,1991,27
757,88,770184,0 Messerschmidt Alley,45484,947,2000,5
758,91,821547,44142 Northland Pass,7,90,2005,10
759,100,393683,294 Schlimgen Street,70464,40,2004,10
760,48,302284,36 Steensland Court,5130,239,2012,25
761,40,713664,06024 Milwaukee Street,01,773,1992,27
762,45,217027,46 Bartelt Way,492,156,2007,20
763,85,657322,38 Farwell Pass,039,398,2007,22
764,58,550969,313 Lakewood Gardens Point,13908,698,1993,23
765,77,215663,148 Duke Park,1,102,1989,5
766,96,688163,7456 Buell Plaza,2,766,2007,29
767,56,375777,495 Sunbrook Pass,82,479,1997,14
768,61,577039,9462 Cascade Terrace,1,971,2011,16
769,62,215083,98 Almo Center,1847,584,1996,20
770,56,331865,5 Larry Junction,94,983,2001,29
771,89,239397,03 Bartillon Road,1,582,1995,26
772,62,572619,8118 Hollow Ridge Terrace,324,514,1997,15
773,57,870369,2096 Randy Avenue,66,272,1994,10
774,69,453575,38 Emmet Road,6499,515,2012,3
775,49,849919,92 Crowley Place,2,632,2010,17
776,56,409257,725 Straubel Road,9,22,2003,29
777,40,597797,9 Nobel Circle,40868,672,2003,13
778,75,211955,98734 2nd Avenue,2,828,2005,2
779,85,233962,897 Moland Place,25711,728,1994,17
780,57,554935,7869 Sutteridge Terrace,7,831,1991,29
781,64,650069,01 Vernon Avenue,7624,274,2003,15
782,99,854059,756 Starling Pass,02,967,2000,7
783,95,917173,3984 Loeprich Place,8789,471,2007,1
784,67,980161,41 Muir Drive,948,104,1985,6
785,46,509878,3635 Waxwing Center,49037,974,2009,27
786,94,384123,42547 Buell Crossing,6,883,2013,13
787,75,695788,4 Monterey Crossing,4405,383,2006,8
788,83,414267,785 Red Cloud Avenue,34,126,2008,2
789,49,289086,7 Oriole Trail,47,139,2011,5
790,94,836327,46933 Garrison Circle,06226,68,2006,2
791,61,715271,0335 Coolidge Street,22,206,2005,20
792,80,375672,466 Moose Trail,0,610,1994,18
793,75,244049,703 Bartillon Court,78296,377,1999,13
794,96,830646,5503 Union Point,43806,278,2006,12
795,98,895855,8172 Claremont Plaza,233,568,2002,6
796,98,462607,20 Hansons Parkway,3021,296,2005,13
797,42,361209,49 Mayer Trail,295,81,2003,29
798,47,289999,35 Ronald Regan Plaza,5975,406,1997,12
799,41,685808,143 Brentwood Center,75297,51,2002,29
800,44,833824,889 Meadow Valley Street,5,859,1994,2
801,50,720477,749 Fairfield Road,61199,367,2005,10
802,71,991391,3356 Haas Lane,51400,935,2004,9
803,66,721900,4 Main Street,997,996,1988,14
804,86,200030,4352 Vermont Parkway,4182,910,1993,11
805,74,813780,277 Fulton Way,61,425,1994,27
806,48,680605,45535 Shopko Way,9206,602,2007,27
807,82,556797,8046 Sachs Alley,9,363,1997,26
808,51,719675,205 Emmet Point,636,531,2000,26
809,83,520577,707 Scott Road,66,240,1999,15
810,63,251840,279 Clemons Center,467,546,1986,11
811,52,594792,09 Nobel Trail,645,833,1995,25
812,51,430690,1056 Meadow Vale Terrace,19,407,2004,30
813,83,631791,3 Main Parkway,56053,720,2003,26
814,95,930016,7862 Emmet Pass,12675,124,2003,29
815,40,373493,807 Manufacturers Drive,36,116,2006,10
816,82,973553,3 Holy Cross Circle,44286,98,1996,13
817,92,789521,2308 Judy Terrace,0,506,2009,2
818,89,478270,74 Stoughton Avenue,54,715,2007,13
819,93,929257,8 Muir Drive,566,494,1996,16
820,65,359415,2 Kim Park,3729,672,2010,9
821,53,210661,761 Autumn Leaf Terrace,7,153,1993,15
822,82,626063,744 Meadow Ridge Terrace,03232,300,1989,10
823,67,890214,500 Rowland Way,25982,785,2009,27
824,84,577153,52234 3rd Junction,62872,657,1992,17
825,100,580559,6 Fieldstone Way,562,852,1999,20
826,83,232383,088 Forest Dale Center,23,557,1989,12
827,65,454974,2524 Sunnyside Circle,70872,22,2008,29
828,65,576081,6 Weeping Birch Plaza,7098,359,2001,25
829,44,719471,619 Beilfuss Lane,27,246,2005,22
830,70,640537,154 Monument Center,5839,578,1982,26
831,80,748417,74 Ronald Regan Drive,0374,778,2006,4
832,62,425778,67112 Kings Drive,15,558,1993,17
833,71,877646,1972 Montana Junction,37505,110,2009,28
834,79,526669,52931 Bartelt Plaza,50871,303,2009,15
835,45,781957,7 Twin Pines Road,17088,365,2010,19
836,64,990542,25994 Morrow Crossing,71227,47,1985,21
837,72,455463,784 Corscot Alley,11,517,1993,29
838,81,618831,7841 Spaight Park,14,439,2006,21
839,95,321183,1 Dakota Trail,841,658,1987,12
840,82,284709,8 Logan Street,001,575,1989,19
841,51,981600,58925 Paget Court,40790,263,2011,18
842,78,758138,968 Larry Place,424,348,2004,11
843,99,813021,01141 Linden Terrace,5,292,2005,1
844,68,333788,8808 Gina Crossing,88,33,2006,27
845,46,746237,16983 Helena Drive,8,973,2001,24
846,90,488558,66520 Jana Hill,426,765,1998,29
847,49,845585,9 Park Meadow Drive,12,667,2000,28
848,63,774632,9156 Hermina Lane,12,898,1993,4
849,63,872700,62 Westridge Terrace,175,436,1999,27
850,42,657471,4852 Erie Park,5,984,1993,20
851,51,297889,66392 Anhalt Lane,742,434,2008,9
852,79,398944,5 Debra Lane,644,172,2012,26
853,45,255196,2 South Terrace,45,992,2004,6
854,75,612024,0 Mariners Cove Alley,57285,37,2008,5
855,52,795290,7 Lakewood Gardens Alley,85823,349,1991,15
856,86,845839,95 School Terrace,1403,28,1989,4
857,94,555887,86325 Messerschmidt Road,4,562,1997,11
858,87,848811,3621 Mccormick Pass,9509,746,2010,30
859,95,429373,72 Jenna Pass,5471,866,2003,28
860,45,878407,9 Starling Plaza,3511,526,2001,6
861,58,492829,46797 Mockingbird Plaza,89206,784,2007,21
862,65,836641,5 Northport Hill,4945,540,1995,5
863,74,234024,61 Stephen Center,129,507,1958,8
864,51,294902,6 Mallard Trail,0494,5,2011,1
865,92,860062,338 Hoepker Place,6,644,2000,14
866,95,829340,147 Tony Way,18036,990,2002,28
867,72,773018,475 Cordelia Hill,60742,71,2003,1
868,83,424385,241 Delaware Drive,028,290,2009,23
869,80,604180,6 Mayfield Trail,05,170,1997,8
870,69,955673,1 Merchant Court,38721,36,2000,27
871,71,649161,0 Scott Center,2259,789,2008,24
872,77,315614,5618 Summerview Lane,77,967,1997,22
873,51,634981,5897 Morning Junction,557,899,1989,30
874,40,876381,400 Browning Plaza,5,239,1992,2
875,58,631581,055 Sugar Point,6,181,2005,22
876,43,520342,28 Susan Crossing,0,459,1967,17
877,68,986395,8 Scott Road,2,758,1995,13
878,85,597842,2 Pierstorff Crossing,2908,454,1988,3
879,76,954488,18 Shasta Road,9400,398,1994,27
880,76,807064,407 Packers Road,6,179,1992,30
881,73,558990,35719 Towne Junction,2172,958,2011,3
882,84,240887,2 3rd Road,71432,629,2012,14
883,94,877201,663 Arrowood Parkway,013,205,2009,2
884,45,761010,1 Judy Trail,99,283,1999,27
885,44,880651,1727 Vermont Court,33,298,2007,8
886,50,477271,3766 Bobwhite Terrace,6,186,1992,12
887,52,506971,22 Kedzie Street,0559,182,1992,21
888,61,436333,40759 Charing Cross Crossing,76,548,1993,4
889,54,361833,95 Jana Trail,128,128,2002,21
890,71,832234,787 Thierer Court,39,80,1997,9
891,53,210445,3 Bonner Terrace,73018,509,1994,3
892,69,684671,83 Raven Terrace,79388,735,2006,22
893,49,559619,00 Loeprich Plaza,1,89,2007,21
894,41,338774,85 Summerview Hill,032,272,1998,9
895,50,689425,04 Anthes Point,9413,626,2002,28
896,48,683112,2985 Morning Junction,44,838,2001,24
897,55,594813,09746 Del Mar Street,180,611,2003,13
898,87,567502,9 Sunbrook Alley,52,207,1994,21
899,43,906418,16804 Little Fleur Court,48178,930,2002,3
900,42,675280,734 Dexter Trail,991,257,2010,28
901,86,996935,52 Farwell Alley,138,103,2001,5
902,50,817908,583 Corry Way,750,185,1992,27
903,91,778624,729 Warrior Crossing,49,849,2003,30
904,81,901815,956 Clove Crossing,8519,156,2007,11
905,90,945080,74173 Esker Center,5843,854,2011,21
906,48,384887,90759 Continental Street,30225,811,1993,21
907,89,291956,42 Schurz Court,625,282,2013,19
908,89,790096,43 Cottonwood Alley,22,392,2005,19
909,99,858516,3005 Shopko Center,31529,541,2006,15
910,82,206298,180 Becker Hill,727,11,2001,12
911,88,741797,73122 Comanche Crossing,545,894,1991,19
912,73,464164,0 Union Road,87889,350,2010,11
913,87,575221,721 Harbort Circle,6,295,1993,25
914,46,655423,360 Colorado Parkway,3,700,1989,1
915,64,626858,68 Hanson Road,1,360,1999,21
916,63,854203,52813 Westend Junction,494,215,1997,20
917,58,719780,825 Surrey Terrace,4,286,1967,9
918,75,662835,992 Scoville Junction,9768,197,2009,11
919,93,219648,0 Erie Hill,866,76,1986,1
920,51,980813,2213 Dwight Lane,704,919,1995,30
921,87,800553,85995 Susan Way,76,220,2010,14
922,61,361674,8264 Manley Road,2234,145,1985,15
923,62,527905,10957 Bartelt Terrace,863,4,2010,19
924,94,209589,7 Hudson Hill,52980,741,1993,18
925,82,822782,5378 Trailsway Court,3,793,2010,17
926,55,310190,34 Grover Avenue,35,837,2000,14
927,51,435282,77 Acker Place,9,388,2001,24
928,41,844929,01273 Sachtjen Point,79,974,2007,6
929,98,714062,5289 Melvin Center,875,345,1995,24
930,93,968075,206 Rigney Way,1,921,2010,4
931,86,795326,854 Monterey Crossing,74827,157,1986,16
932,59,436357,7087 Sloan Lane,1732,971,2007,14
933,57,758531,38 Golden Leaf Hill,565,111,2009,10
934,81,667830,93 Sutherland Park,16,422,1990,14
935,76,643124,5 Becker Street,4444,535,1996,4
936,69,638819,63 Mayfield Street,68533,792,2012,27
937,59,582764,3008 Morningstar Park,88,966,1998,29
938,63,343067,3914 Chive Crossing,397,887,2007,4
939,58,873543,3253 Express Trail,65,356,2011,6
940,77,211129,31 Cody Crossing,1,959,1992,19
941,55,293120,44 Prentice Center,8619,550,2002,17
942,59,948109,46984 Trailsway Plaza,311,87,2010,29
943,45,560172,84153 Harbort Parkway,5589,60,1995,16
944,92,246606,9824 Fulton Junction,37,306,2010,1
945,48,646659,434 Kings Drive,88,13,2004,4
946,41,326407,14870 Monterey Drive,5786,39,2002,6
947,62,505083,80 Annamark Parkway,34,671,2006,28
948,51,411334,943 Vahlen Lane,869,603,2009,18
949,44,872769,48092 Fallview Crossing,076,608,2010,25
950,46,611457,38351 Novick Street,66739,751,2011,22
951,53,400083,52276 Kinsman Terrace,57338,576,1991,3
952,83,351183,94792 Bluestem Center,0939,32,2000,24
953,86,790095,04 Grim Lane,6038,621,2002,12
954,75,246889,9275 Hanson Lane,9024,342,1998,23
955,65,475031,7596 Buhler Park,00,477,2002,24
956,100,820125,887 Amoth Lane,8,480,1983,1
957,82,289991,89 Sachs Alley,09,853,2003,11
958,63,851773,167 Mockingbird Avenue,69252,166,2002,5
959,58,378723,4 Pawling Terrace,33,250,2005,2
960,53,768151,0 Southridge Alley,06,864,2009,11
961,80,917740,2286 Upham Place,5718,607,2001,24
962,89,408940,8 Fairview Trail,495,760,2012,6
963,42,984318,32 Kim Avenue,6605,394,2002,1
964,84,433797,25 Lakewood Alley,615,801,2010,7
965,55,980155,055 Steensland Avenue,28,90,2011,22
966,59,842980,11 Dawn Alley,199,390,2010,19
967,49,850952,4 Golden Leaf Plaza,8034,467,2005,23
968,93,929769,99523 Clove Terrace,496,830,2005,22
969,58,677462,85506 Main Place,8,130,2001,13
970,47,894281,1161 Claremont Junction,6777,127,1995,18
971,92,430758,08 Forest Dale Place,84066,18,2011,18
972,80,866591,34 Veith Road,08,260,2009,13
973,93,691237,74 Rockefeller Terrace,916,464,1991,13
974,85,225835,5 Gerald Plaza,16,883,2005,1
975,47,261878,40633 Lyons Avenue,24,314,1998,26
976,50,896209,93 Fieldstone Terrace,5972,247,1987,28
977,77,565138,58221 Reinke Terrace,0704,163,2011,26
978,80,809265,1 Summit Place,7,78,2008,5
979,40,207934,2507 4th Road,7744,982,1980,8
980,40,527362,2193 Hazelcrest Road,08301,761,1987,22
981,45,333551,46 Red Cloud Hill,90934,401,1992,20
982,69,768570,86205 Graceland Pass,4263,788,2009,18
983,84,361548,0528 Fisk Plaza,19653,2,1997,23
984,41,854935,7 Forster Center,48,521,1994,1
985,43,437708,7 Nova Street,16,268,1996,15
986,68,586326,1 La Follette Hill,5831,222,2008,3
987,44,871980,6436 Rigney Way,56,19,1997,27
988,40,994228,1033 Delladonna Road,17,404,1994,17
989,89,805437,207 Linden Trail,7,25,1993,19
990,71,644291,47709 Mayfield Park,9312,330,2009,2
991,80,639728,67875 High Crossing Center,0,583,2007,21
992,63,657988,614 Sommers Street,4833,328,2000,4
993,92,942088,2 Walton Hill,066,699,2003,28
994,61,642650,7118 Brickson Park Terrace,11400,431,1985,26
995,64,453006,4110 Village Court,79105,344,2011,22
996,78,381866,92869 Tennessee Court,18,144,1996,28
997,82,891448,9 Brentwood Terrace,55595,395,1993,12
998,82,238244,72 Butterfield Plaza,173,848,1996,17
999,84,936836,223 High Crossing Plaza,9116,523,2012,22
1000,48,414167,39 Old Gate Way,3841,812,2009,22
